name,rating,url
Amazon,3.7,https://www.glassdoor.com/Reviews/Amazon-Reviews-E6036.htm
Deloitte,4.0,https://www.glassdoor.com/Reviews/Deloitte-Reviews-E2763.htm
Walmart,3.3,https://www.glassdoor.com/Reviews/Walmart-Reviews-E715.htm
Target,3.6,https://www.glassdoor.com/Reviews/Target-Reviews-E194.htm
McDonald's,3.5,https://www.glassdoor.com/Reviews/McDonald-s-Reviews-E432.htm
Infosys,3.3,https://www.glassdoor.com/Reviews/Infosys-Reviews-E7927.htm
Accenture,4.0,https://www.glassdoor.com/Reviews/Accenture-Reviews-E4138.htm
IBM,3.9,https://www.glassdoor.com/Reviews/IBM-Reviews-E354.htm
Microsoft,4.3,https://www.glassdoor.com/Reviews/Microsoft-Reviews-E1651.htm
Tata Consultancy Services,3.9,https://www.glassdoor.com/Reviews/Tata-Consultancy-Services-Reviews-E13461.htm
Starbucks,3.7,https://www.glassdoor.com/Reviews/Starbucks-Reviews-E2202.htm
Google,4.4,https://www.glassdoor.com/Reviews/Google-Reviews-E9079.htm
Cognizant Technology Solutions,3.8,https://www.glassdoor.com/Reviews/Cognizant-Technology-Solutions-Reviews-E8014.htm
EY,3.9,https://www.glassdoor.com/Reviews/EY-Reviews-E2784.htm
The Home Depot,3.8,https://www.glassdoor.com/Reviews/The-Home-Depot-Reviews-E655.htm
Apple,4.2,https://www.glassdoor.com/Reviews/Apple-Reviews-E1138.htm
PwC,3.9,https://www.glassdoor.com/Reviews/PwC-Reviews-E8450.htm
US Army,3.8,https://www.glassdoor.com/Reviews/US-Army-Reviews-E41322.htm
Wells Fargo,3.7,https://www.glassdoor.com/Reviews/Wells-Fargo-Reviews-E8876.htm
Oracle,3.9,https://www.glassdoor.com/Reviews/Oracle-Reviews-E1737.htm
Bank of America,4.0,https://www.glassdoor.com/Reviews/Bank-of-America-Reviews-E8874.htm
AT&T,3.6,https://www.glassdoor.com/Reviews/AT-and-T-Reviews-E613.htm
Lowe's Home Improvement,3.5,https://www.glassdoor.com/Reviews/Lowe-s-Home-Improvement-Reviews-E415.htm
CVS Health,3.1,https://www.glassdoor.com/Reviews/CVS-Health-Reviews-E437.htm
JPMorgan Chase & Co,4.0,https://www.glassdoor.com/Reviews/JPMorgan-Chase-and-Co-Reviews-E5224839.htm
UPS,3.5,https://www.glassdoor.com/Reviews/UPS-Reviews-E3012.htm
Wipro,3.1,https://www.glassdoor.com/Reviews/Wipro-Reviews-E9936.htm
Qualcomm,4.1,https://www.glassdoor.com/Reviews/Qualcomm-Reviews-E640.htm
KPMG,3.8,https://www.glassdoor.com/Reviews/KPMG-Reviews-E2867.htm
Best Buy,3.6,https://www.glassdoor.com/Reviews/Best-Buy-Reviews-E97.htm
Cisco Systems,4.4,https://www.glassdoor.com/Reviews/Cisco-Systems-Reviews-E1425.htm
Verizon,3.8,https://www.glassdoor.com/Reviews/Verizon-Reviews-E89.htm
Walgreens,3.2,https://www.glassdoor.com/Reviews/Walgreens-Reviews-E716.htm
Intel Corporation,4.1,https://www.glassdoor.com/Reviews/Intel-Corporation-Reviews-E1519.htm
Macy's,3.4,https://www.glassdoor.com/Reviews/Macy-s-Reviews-E1079.htm
US Navy,3.7,https://www.glassdoor.com/Reviews/US-Navy-Reviews-E41451.htm
Capgemini,3.8,https://www.glassdoor.com/Reviews/Capgemini-Reviews-E3803.htm
Meta,3.9,https://www.glassdoor.com/Reviews/Meta-Reviews-E40772.htm
Citi,3.9,https://www.glassdoor.com/Reviews/Citi-Reviews-E8843.htm
US Air Force,4.1,https://www.glassdoor.com/Reviews/US-Air-Force-Reviews-E41283.htm
Dell Technologies,4.2,https://www.glassdoor.com/Reviews/Dell-Technologies-Reviews-E1327.htm
HCLTech,3.7,https://www.glassdoor.com/Reviews/HCLTech-Reviews-E553909.htm
Capital One,4.1,https://www.glassdoor.com/Reviews/Capital-One-Reviews-E3736.htm
Enterprise,3.7,https://www.glassdoor.com/Reviews/Enterprise-Reviews-E2783.htm
Salesforce,4.1,https://www.glassdoor.com/Reviews/Salesforce-Reviews-E11159.htm
Nordstrom,3.7,https://www.glassdoor.com/Reviews/Nordstrom-Reviews-E1704.htm
T-Mobile,3.8,https://www.glassdoor.com/Reviews/T-Mobile-Reviews-E9302.htm
Goldman Sachs,3.9,https://www.glassdoor.com/Reviews/Goldman-Sachs-Reviews-E2800.htm
Teleperformance,4.2,https://www.glassdoor.com/Reviews/Teleperformance-Reviews-E9779.htm
Kroger,3.1,https://www.glassdoor.com/Reviews/Kroger-Reviews-E386.htm
ADP,4.0,https://www.glassdoor.com/Reviews/ADP-Reviews-E64.htm
Kohl's,3.4,https://www.glassdoor.com/Reviews/Kohl-s-Reviews-E592.htm
Morgan Stanley,4.0,https://www.glassdoor.com/Reviews/Morgan-Stanley-Reviews-E2282.htm
Comcast,3.8,https://www.glassdoor.com/Reviews/Comcast-Reviews-E1280.htm
Boeing,3.9,https://www.glassdoor.com/Reviews/Boeing-Reviews-E102.htm
Whole Foods Market,3.5,https://www.glassdoor.com/Reviews/Whole-Foods-Market-Reviews-E422.htm
State Farm,3.6,https://www.glassdoor.com/Reviews/State-Farm-Reviews-E2990.htm
SelfEmployed.com,4.4,https://www.glassdoor.com/Reviews/SelfEmployed-com-Reviews-E5529631.htm
Chipotle,3.4,https://www.glassdoor.com/Reviews/Chipotle-Reviews-E15228.htm
Lockheed Martin,4.1,https://www.glassdoor.com/Reviews/Lockheed-Martin-Reviews-E404.htm
US Postal Service,3.0,https://www.glassdoor.com/Reviews/US-Postal-Service-Reviews-E3032.htm
Aerotek,3.5,https://www.glassdoor.com/Reviews/Aerotek-Reviews-E18267.htm
Fidelity Investments,4.3,https://www.glassdoor.com/Reviews/Fidelity-Investments-Reviews-E2786.htm
UnitedHealth Group,3.7,https://www.glassdoor.com/Reviews/UnitedHealth-Group-Reviews-E1991.htm
PepsiCo,4.0,https://www.glassdoor.com/Reviews/PepsiCo-Reviews-E522.htm
YMCA,3.9,https://www.glassdoor.com/Reviews/YMCA-Reviews-E3046.htm
Kaiser Permanente,3.9,https://www.glassdoor.com/Reviews/Kaiser-Permanente-Reviews-E19466.htm
Publix,3.8,https://www.glassdoor.com/Reviews/Publix-Reviews-E2945.htm
SAP,4.4,https://www.glassdoor.com/Reviews/SAP-Reviews-E10471.htm
Honeywell,4.0,https://www.glassdoor.com/Reviews/Honeywell-Reviews-E28.htm
Panera Bread,3.4,https://www.glassdoor.com/Reviews/Panera-Bread-Reviews-E1493.htm
Spectrum,3.3,https://www.glassdoor.com/Reviews/Spectrum-Reviews-E1500006.htm
Marriott International,4.0,https://www.glassdoor.com/Reviews/Marriott-International-Reviews-E7790.htm
Walt Disney Company,3.9,https://www.glassdoor.com/Reviews/Walt-Disney-Company-Reviews-E717.htm
Subway,3.4,https://www.glassdoor.com/Reviews/Subway-Reviews-E2994.htm
Northrop Grumman,4.0,https://www.glassdoor.com/Reviews/Northrop-Grumman-Reviews-E488.htm
GE,4.0,https://www.glassdoor.com/Reviews/GE-Reviews-E277.htm
FedEx Ground,3.4,https://www.glassdoor.com/Reviews/FedEx-Ground-Reviews-E16846.htm
Costco Wholesale,3.9,https://www.glassdoor.com/Reviews/Costco-Wholesale-Reviews-E2590.htm
Chick-fil-A,4.0,https://www.glassdoor.com/Reviews/Chick-fil-A-Reviews-E5873.htm
US Marine Corps,3.9,https://www.glassdoor.com/Reviews/US-Marine-Corps-Reviews-E41423.htm
American Express,4.2,https://www.glassdoor.com/Reviews/American-Express-Reviews-E35.htm
Tech Mahindra,3.6,https://www.glassdoor.com/Reviews/Tech-Mahindra-Reviews-E135932.htm
DXC Technology,3.6,https://www.glassdoor.com/Reviews/DXC-Technology-Reviews-E1603125.htm
Hewlett Packard Enterprise | HPE,4.2,https://www.glassdoor.com/Reviews/Hewlett-Packard-Enterprise-HPE-Reviews-E1093046.htm
General Motors (GM),4.0,https://www.glassdoor.com/Reviews/General-Motors-GM-Reviews-E279.htm
Sears,3.4,https://www.glassdoor.com/Reviews/Sears-Reviews-E37984.htm
Domino's,3.5,https://www.glassdoor.com/Reviews/Domino-s-Reviews-E2770.htm
CGI,3.9,https://www.glassdoor.com/Reviews/CGI-Reviews-E8452.htm
NIKE,4.2,https://www.glassdoor.com/Reviews/NIKE-Reviews-E1699.htm
Staples,3.4,https://www.glassdoor.com/Reviews/Staples-Reviews-E1909.htm
Johnson & Johnson,4.2,https://www.glassdoor.com/Reviews/Johnson-and-Johnson-Reviews-E364.htm
Old Navy,3.6,https://www.glassdoor.com/Reviews/Old-Navy-Reviews-E18861.htm
Dollar General,2.7,https://www.glassdoor.com/Reviews/Dollar-General-Reviews-E1342.htm
Siemens,4.1,https://www.glassdoor.com/Reviews/Siemens-Reviews-E3510.htm
GEICO,2.9,https://www.glassdoor.com/Reviews/GEICO-Reviews-E270.htm
PNC Financial Services Group,3.6,https://www.glassdoor.com/Reviews/PNC-Financial-Services-Group-Reviews-E507.htm
Burger King,3.5,https://www.glassdoor.com/Reviews/Burger-King-Reviews-E7201.htm
Robert Half,3.8,https://www.glassdoor.com/Reviews/Robert-Half-Reviews-E1838.htm
Bloomberg L.P.,4.1,https://www.glassdoor.com/Reviews/Bloomberg-L-P-Reviews-E3096.htm
Booz Allen Hamilton,4.2,https://www.glassdoor.com/Reviews/Booz-Allen-Hamilton-Reviews-E2735.htm
J. C. Penney,3.4,https://www.glassdoor.com/Reviews/J-C-Penney-Reviews-E361.htm
McKinsey & Company,4.3,https://www.glassdoor.com/Reviews/McKinsey-and-Company-Reviews-E2893.htm
Liberty Mutual Insurance,3.8,https://www.glassdoor.com/Reviews/Liberty-Mutual-Insurance-Reviews-E2874.htm
Tesla,3.6,https://www.glassdoor.com/Reviews/Tesla-Reviews-E43129.htm
HSBC,3.8,https://www.glassdoor.com/Reviews/HSBC-Reviews-E3482.htm
U.S. Bank,3.7,https://www.glassdoor.com/Reviews/U-S-Bank-Reviews-E8937.htm
Cerner,3.6,https://www.glassdoor.com/Reviews/Cerner-Reviews-E1242.htm
UBS,3.9,https://www.glassdoor.com/Reviews/UBS-Reviews-E3419.htm
Barclays,4.0,https://www.glassdoor.com/Reviews/Barclays-Reviews-E3456.htm
NVIDIA,4.6,https://www.glassdoor.com/Reviews/NVIDIA-Reviews-E7633.htm
ALDI,3.5,https://www.glassdoor.com/Reviews/ALDI-Reviews-E7337.htm
Ulta Beauty,3.5,https://www.glassdoor.com/Reviews/Ulta-Beauty-Reviews-E9466.htm
Insight Global,3.8,https://www.glassdoor.com/Reviews/Insight-Global-Reviews-E152783.htm
TD,3.9,https://www.glassdoor.com/Reviews/TD-Reviews-E3767.htm
Thomson Reuters,3.7,https://www.glassdoor.com/Reviews/Thomson-Reuters-Reviews-E100303.htm
Procter & Gamble,4.1,https://www.glassdoor.com/Reviews/Procter-and-Gamble-Reviews-E544.htm
ABC,4.0,https://www.glassdoor.com/Reviews/ABC-Reviews-E130.htm
Ford Motor Company,4.0,https://www.glassdoor.com/Reviews/Ford-Motor-Company-Reviews-E263.htm
Victoria's Secret,3.5,https://www.glassdoor.com/Reviews/Victoria-s-Secret-Reviews-E13903.htm
Sam's Club,3.3,https://www.glassdoor.com/Reviews/Sam-s-Club-Reviews-E7811.htm
VMware,4.3,https://www.glassdoor.com/Reviews/VMware-Reviews-E12830.htm
H E B,4.2,https://www.glassdoor.com/Reviews/H-E-B-Reviews-E2824.htm
Allstate,3.4,https://www.glassdoor.com/Reviews/Allstate-Reviews-E2341.htm
Kforce,4.0,https://www.glassdoor.com/Reviews/Kforce-Reviews-E5441.htm
Epic,3.4,https://www.glassdoor.com/Reviews/Epic-Reviews-E35163.htm
H&M,3.6,https://www.glassdoor.com/Reviews/H-and-M-Reviews-E11918.htm
Allied Universal,3.1,https://www.glassdoor.com/Reviews/Allied-Universal-Reviews-E1352584.htm
US Department of Veterans Affairs,3.7,https://www.glassdoor.com/Reviews/US-Department-of-Veterans-Affairs-Reviews-E41429.htm
Taco Bell,3.4,https://www.glassdoor.com/Reviews/Taco-Bell-Reviews-E10091.htm
Concentrix,4.1,https://www.glassdoor.com/Reviews/Concentrix-Reviews-E31549.htm
Raytheon Technologies,3.8,https://www.glassdoor.com/Reviews/Raytheon-Technologies-Reviews-E561.htm
Aramark,3.3,https://www.glassdoor.com/Reviews/Aramark-Reviews-E2716.htm
Pizza Hut,3.5,https://www.glassdoor.com/Reviews/Pizza-Hut-Reviews-E10090.htm
Intuit,4.5,https://www.glassdoor.com/Reviews/Intuit-Reviews-E2293.htm
Freelancer,4.2,https://www.glassdoor.com/Reviews/Freelancer-Reviews-E392261.htm
Northwestern Mutual,4.0,https://www.glassdoor.com/Reviews/Northwestern-Mutual-Reviews-E2919.htm
Chase,3.8,https://www.glassdoor.com/Reviews/Chase-Reviews-E690765.htm
Labcorp,3.7,https://www.glassdoor.com/Reviews/Labcorp-Reviews-E1679.htm
DICK'S Sporting Goods,3.8,https://www.glassdoor.com/Reviews/DICK-S-Sporting-Goods-Reviews-E8666.htm
CBRE,4.0,https://www.glassdoor.com/Reviews/CBRE-Reviews-E465818.htm
Thermo Fisher Scientific,3.7,https://www.glassdoor.com/Reviews/Thermo-Fisher-Scientific-Reviews-E658.htm
Ross Stores,3.2,https://www.glassdoor.com/Reviews/Ross-Stores-Reviews-E1843.htm
FedEx,3.7,https://www.glassdoor.com/Reviews/FedEx-Reviews-E246.htm
American Airlines,3.8,https://www.glassdoor.com/Reviews/American-Airlines-Reviews-E8.htm
Medtronic,3.9,https://www.glassdoor.com/Reviews/Medtronic-Reviews-E436.htm
J.P. Morgan,4.0,https://www.glassdoor.com/Reviews/J-P-Morgan-Reviews-E145.htm
Optum,3.7,https://www.glassdoor.com/Reviews/Optum-Reviews-E2409113.htm
Hilton,4.0,https://www.glassdoor.com/Reviews/Hilton-Reviews-E330.htm
BNY Mellon,3.6,https://www.glassdoor.com/Reviews/BNY-Mellon-Reviews-E78.htm
Wendy's,3.4,https://www.glassdoor.com/Reviews/Wendy-s-Reviews-E728.htm
Philips,3.6,https://www.glassdoor.com/Reviews/Philips-Reviews-E3496.htm
Progressive Insurance,3.8,https://www.glassdoor.com/Reviews/Progressive-Insurance-Reviews-E546.htm
Dunkin',3.2,https://www.glassdoor.com/Reviews/Dunkin-Reviews-E19153.htm
PetSmart,3.3,https://www.glassdoor.com/Reviews/PetSmart-Reviews-E2375.htm
Delta Air Lines,4.3,https://www.glassdoor.com/Reviews/Delta-Air-Lines-Reviews-E197.htm
IQVIA,4.0,https://www.glassdoor.com/Reviews/IQVIA-Reviews-E8347.htm
SLB,4.0,https://www.glassdoor.com/Reviews/SLB-Reviews-E588.htm
Santander,3.8,https://www.glassdoor.com/Reviews/Santander-Reviews-E828048.htm
TEKsystems,3.9,https://www.glassdoor.com/Reviews/TEKsystems-Reviews-E23297.htm
Wayfair,3.2,https://www.glassdoor.com/Reviews/Wayfair-Reviews-E134525.htm
Credit Suisse,3.9,https://www.glassdoor.com/Reviews/Credit-Suisse-Reviews-E3141.htm
Abbott,3.8,https://www.glassdoor.com/Reviews/Abbott-Reviews-E12.htm
Ericsson-Worldwide,3.7,https://www.glassdoor.com/Reviews/Ericsson-Worldwide-Reviews-E3472.htm
HCA Healthcare,3.3,https://www.glassdoor.com/Reviews/HCA-Healthcare-Reviews-E2062.htm
CSC,3.2,https://www.glassdoor.com/Reviews/CSC-Reviews-E169.htm
Sodexo,3.3,https://www.glassdoor.com/Reviews/Sodexo-Reviews-E10351.htm
Bath & Body Works,3.8,https://www.glassdoor.com/Reviews/Bath-and-Body-Works-Reviews-E13902.htm
IKEA,3.7,https://www.glassdoor.com/Reviews/IKEA-Reviews-E3957.htm
Deutsche Bank,3.9,https://www.glassdoor.com/Reviews/Deutsche-Bank-Reviews-E3150.htm
University of Michigan,4.3,https://www.glassdoor.com/Reviews/University-of-Michigan-Reviews-E3023.htm
United Airlines,4.0,https://www.glassdoor.com/Reviews/United-Airlines-Reviews-E683.htm
DISH,3.0,https://www.glassdoor.com/Reviews/DISH-Reviews-E4501.htm
Safeway,3.2,https://www.glassdoor.com/Reviews/Safeway-Reviews-E581.htm
Sherwin-Williams,3.8,https://www.glassdoor.com/Reviews/Sherwin-Williams-Reviews-E599.htm
Adobe,4.4,https://www.glassdoor.com/Reviews/Adobe-Reviews-E1090.htm
PayPal,4.0,https://www.glassdoor.com/Reviews/PayPal-Reviews-E9848.htm
Gap,3.7,https://www.glassdoor.com/Reviews/Gap-Reviews-E114118.htm
NTT DATA,3.5,https://www.glassdoor.com/Reviews/NTT-DATA-Reviews-E7649.htm
The Coca-Cola Company,4.1,https://www.glassdoor.com/Reviews/The-Coca-Cola-Company-Reviews-E161.htm
DaVita,3.4,https://www.glassdoor.com/Reviews/DaVita-Reviews-E5367.htm
Abercrombie & Fitch,3.6,https://www.glassdoor.com/Reviews/Abercrombie-and-Fitch-Reviews-E6756.htm
State Street,3.6,https://www.glassdoor.com/Reviews/State-Street-Reviews-E1911.htm
Cummins,4.2,https://www.glassdoor.com/Reviews/Cummins-Reviews-E187.htm
American Eagle Outfitters,3.5,https://www.glassdoor.com/Reviews/American-Eagle-Outfitters-Reviews-E2642.htm
Alorica,3.2,https://www.glassdoor.com/Reviews/Alorica-Reviews-E17814.htm
LinkedIn,4.3,https://www.glassdoor.com/Reviews/LinkedIn-Reviews-E34865.htm
USAA,3.4,https://www.glassdoor.com/Reviews/USAA-Reviews-E3033.htm
Pfizer,4.1,https://www.glassdoor.com/Reviews/Pfizer-Reviews-E525.htm
Trader Joe's,4.0,https://www.glassdoor.com/Reviews/Trader-Joe-s-Reviews-E5631.htm
Fujitsu,3.7,https://www.glassdoor.com/Reviews/Fujitsu-Reviews-E3524.htm
Schneider Electric,4.2,https://www.glassdoor.com/Reviews/Schneider-Electric-Reviews-E3956.htm
ExxonMobil,3.1,https://www.glassdoor.com/Reviews/ExxonMobil-Reviews-E237.htm
Nokia,4.2,https://www.glassdoor.com/Reviews/Nokia-Reviews-E3494.htm
Self Opportunity,4.3,https://www.glassdoor.com/Reviews/Self-Opportunity-Reviews-E320925.htm
Humana,3.9,https://www.glassdoor.com/Reviews/Humana-Reviews-E340.htm
Sephora,3.7,https://www.glassdoor.com/Reviews/Sephora-Reviews-E14590.htm
Boston Consulting Group,4.3,https://www.glassdoor.com/Reviews/Boston-Consulting-Group-Reviews-E3879.htm
TTEC,3.5,https://www.glassdoor.com/Reviews/TTEC-Reviews-E5944.htm
Olive Garden Italian Restaurants,3.7,https://www.glassdoor.com/Reviews/Olive-Garden-Italian-Restaurants-Reviews-E536862.htm
Forever 21,3.2,https://www.glassdoor.com/Reviews/Forever-21-Reviews-E13361.htm
AECOM,3.8,https://www.glassdoor.com/Reviews/AECOM-Reviews-E5632.htm
Caterpillar,4.0,https://www.glassdoor.com/Reviews/Caterpillar-Reviews-E137.htm
Rite Aid,3.1,https://www.glassdoor.com/Reviews/Rite-Aid-Reviews-E565.htm
JLL,3.9,https://www.glassdoor.com/Reviews/JLL-Reviews-E5779.htm
Michaels,3.2,https://www.glassdoor.com/Reviews/Michaels-Reviews-E945.htm
FIS,3.7,https://www.glassdoor.com/Reviews/FIS-Reviews-E313114.htm
Kelly,3.5,https://www.glassdoor.com/Reviews/Kelly-Reviews-E1564.htm
Fiserv,3.1,https://www.glassdoor.com/Reviews/Fiserv-Reviews-E1384.htm
NBCUniversal,4.1,https://www.glassdoor.com/Reviews/NBCUniversal-Reviews-E32038.htm
ServiceNow,4.4,https://www.glassdoor.com/Reviews/ServiceNow-Reviews-E403326.htm
GSK,4.1,https://www.glassdoor.com/Reviews/GSK-Reviews-E3477.htm
Mphasis,3.6,https://www.glassdoor.com/Reviews/Mphasis-Reviews-E29275.htm
TJ Maxx,3.5,https://www.glassdoor.com/Reviews/TJ-Maxx-Reviews-E242612.htm
HP Inc.,4.2,https://www.glassdoor.com/Reviews/HP-Inc-Reviews-E1093161.htm
Ascension,3.4,https://www.glassdoor.com/Reviews/Ascension-Reviews-E1036988.htm
Mastech Digital,4.2,https://www.glassdoor.com/Reviews/Mastech-Digital-Reviews-E32469.htm
Gartner,4.1,https://www.glassdoor.com/Reviews/Gartner-Reviews-E2465.htm
Travelers,4.1,https://www.glassdoor.com/Reviews/Travelers-Reviews-E1904.htm
Expedia Group,4.1,https://www.glassdoor.com/Reviews/Expedia-Group-Reviews-E9876.htm
Office Depot,3.2,https://www.glassdoor.com/Reviews/Office-Depot-Reviews-E1723.htm
AIG,3.7,https://www.glassdoor.com/Reviews/AIG-Reviews-E40.htm
Goodwill,3.3,https://www.glassdoor.com/Reviews/Goodwill-Reviews-E2802.htm
Shell,4.1,https://www.glassdoor.com/Reviews/Shell-Reviews-E5833.htm
Xerox,3.3,https://www.glassdoor.com/Reviews/Xerox-Reviews-E747.htm
Dollar Tree,3.0,https://www.glassdoor.com/Reviews/Dollar-Tree-Reviews-E4033.htm
Yelp,3.5,https://www.glassdoor.com/Reviews/Yelp-Reviews-E43314.htm
University of Washington,4.2,https://www.glassdoor.com/Reviews/University-of-Washington-Reviews-E3030.htm
Charles Schwab,3.8,https://www.glassdoor.com/Reviews/Charles-Schwab-Reviews-E144.htm
Johnson Controls,3.6,https://www.glassdoor.com/Reviews/Johnson-Controls-Reviews-E365.htm
Vanguard,3.7,https://www.glassdoor.com/Reviews/Vanguard-Reviews-E4084.htm
Pearson,3.7,https://www.glassdoor.com/Reviews/Pearson-Reviews-E3322.htm
Applebee's,3.5,https://www.glassdoor.com/Reviews/Applebee-s-Reviews-E1453.htm
Foundever,3.6,https://www.glassdoor.com/Reviews/Foundever-Reviews-E11480.htm
GameStop,2.9,https://www.glassdoor.com/Reviews/GameStop-Reviews-E1162.htm
CarMax,3.8,https://www.glassdoor.com/Reviews/CarMax-Reviews-E6561.htm
Barnes & Noble,3.7,https://www.glassdoor.com/Reviews/Barnes-and-Noble-Reviews-E2439.htm
Visa Inc.,4.1,https://www.glassdoor.com/Reviews/Visa-Inc-Reviews-E3035.htm
lululemon,4.3,https://www.glassdoor.com/Reviews/lululemon-Reviews-E42589.htm
Genpact,3.9,https://www.glassdoor.com/Reviews/Genpact-Reviews-E42613.htm
Merck,4.2,https://www.glassdoor.com/Reviews/Merck-Reviews-E438.htm
RSM,4.0,https://www.glassdoor.com/Reviews/RSM-Reviews-E691963.htm
Randstad US,3.7,https://www.glassdoor.com/Reviews/Randstad-US-Reviews-E18424.htm
The Cigna Group,3.6,https://www.glassdoor.com/Reviews/The-Cigna-Group-Reviews-E119.htm
Nielsen,3.7,https://www.glassdoor.com/Reviews/Nielsen-Reviews-E3776.htm
Adecco,3.7,https://www.glassdoor.com/Reviews/Adecco-Reviews-E1089.htm
L'Oréal,4.0,https://www.glassdoor.com/Reviews/L-Or%C3%A9al-Reviews-E3470.htm
Dillard's,3.1,https://www.glassdoor.com/Reviews/Dillard-s-Reviews-E202.htm
eBay,4.1,https://www.glassdoor.com/Reviews/eBay-Reviews-E7853.htm
Stryker,4.1,https://www.glassdoor.com/Reviews/Stryker-Reviews-E1918.htm
Lumen,3.5,https://www.glassdoor.com/Reviews/Lumen-Reviews-E248324.htm
UST,3.9,https://www.glassdoor.com/Reviews/UST-Reviews-E155577.htm
Manpower,4.2,https://www.glassdoor.com/Reviews/Manpower-Reviews-E2548.htm
Securitas,3.1,https://www.glassdoor.com/Reviews/Securitas-Reviews-E10656.htm
Sanofi,4.0,https://www.glassdoor.com/Reviews/Sanofi-Reviews-E9347.htm
Unilever,4.2,https://www.glassdoor.com/Reviews/Unilever-Reviews-E3513.htm
Yahoo,4.1,https://www.glassdoor.com/Reviews/Yahoo-Reviews-E5807.htm
KFC,3.5,https://www.glassdoor.com/Reviews/KFC-Reviews-E7860.htm
BlackRock,4.0,https://www.glassdoor.com/Reviews/BlackRock-Reviews-E9331.htm
H&R Block,3.7,https://www.glassdoor.com/Reviews/H-and-R-Block-Reviews-E303.htm
Fedex Express,3.6,https://www.glassdoor.com/Reviews/Fedex-Express-Reviews-E22767.htm
Stanford University,4.2,https://www.glassdoor.com/Reviews/Stanford-University-Reviews-E2989.htm
Hollister Co.,3.6,https://www.glassdoor.com/Reviews/Hollister-Co-Reviews-E466037.htm
Bed Bath & Beyond,3.3,https://www.glassdoor.com/Reviews/Bed-Bath-and-Beyond-Reviews-E1961.htm
Novartis,4.0,https://www.glassdoor.com/Reviews/Novartis-Reviews-E6667.htm
Conduent,3.1,https://www.glassdoor.com/Reviews/Conduent-Reviews-E1492856.htm
Elevance Health,3.7,https://www.glassdoor.com/Reviews/Elevance-Health-Reviews-E925157.htm
NYU (New York University),4.3,https://www.glassdoor.com/Reviews/NYU-New-York-University-Reviews-E2917.htm
Jacobs,4.0,https://www.glassdoor.com/Reviews/Jacobs-Reviews-E913.htm
Burlington Stores,3.1,https://www.glassdoor.com/Reviews/Burlington-Stores-Reviews-E114.htm
Merrill,3.8,https://www.glassdoor.com/Reviews/Merrill-Reviews-E440.htm
Aon,4.0,https://www.glassdoor.com/Reviews/Aon-Reviews-E53.htm
Providence,3.5,https://www.glassdoor.com/Reviews/Providence-Reviews-E4651.htm
Farmers Insurance Group,3.4,https://www.glassdoor.com/Reviews/Farmers-Insurance-Group-Reviews-E3955.htm
Jimmy John's,3.7,https://www.glassdoor.com/Reviews/Jimmy-John-s-Reviews-E15876.htm
WTW,3.9,https://www.glassdoor.com/Reviews/WTW-Reviews-E1122768.htm
Massage Envy,3.2,https://www.glassdoor.com/Reviews/Massage-Envy-Reviews-E114803.htm
AutoZone,3.3,https://www.glassdoor.com/Reviews/AutoZone-Reviews-E610.htm
Grant Thornton,3.9,https://www.glassdoor.com/Reviews/Grant-Thornton-Reviews-E100134.htm
Texas Instruments,4.1,https://www.glassdoor.com/Reviews/Texas-Instruments-Reviews-E651.htm
Samsung Electronics,3.8,https://www.glassdoor.com/Reviews/Samsung-Electronics-Reviews-E3363.htm
Nationwide,4.0,https://www.glassdoor.com/Reviews/Nationwide-Reviews-E2913.htm
UCLA,4.1,https://www.glassdoor.com/Reviews/UCLA-Reviews-E32524.htm
Cracker Barrel,3.3,https://www.glassdoor.com/Reviews/Cracker-Barrel-Reviews-E1308.htm
Cintas,3.6,https://www.glassdoor.com/Reviews/Cintas-Reviews-E1256.htm
Total Quality Logistics,4.1,https://www.glassdoor.com/Reviews/Total-Quality-Logistics-Reviews-E134523.htm
Centene,3.8,https://www.glassdoor.com/Reviews/Centene-Reviews-E13542.htm
Hertz,3.2,https://www.glassdoor.com/Reviews/Hertz-Reviews-E4071.htm
RBC,4.0,https://www.glassdoor.com/Reviews/RBC-Reviews-E3358.htm
McKesson,3.8,https://www.glassdoor.com/Reviews/McKesson-Reviews-E434.htm
MetLife,3.9,https://www.glassdoor.com/Reviews/MetLife-Reviews-E2899.htm
Buffalo Wild Wings,3.3,https://www.glassdoor.com/Reviews/Buffalo-Wild-Wings-Reviews-E8370.htm
Zensar Technologies,3.9,https://www.glassdoor.com/Reviews/Zensar-Technologies-Reviews-E255019.htm
Petco,3.0,https://www.glassdoor.com/Reviews/Petco-Reviews-E37962.htm
Hyatt,4.0,https://www.glassdoor.com/Reviews/Hyatt-Reviews-E2839.htm
Randstad,3.8,https://www.glassdoor.com/Reviews/Randstad-Reviews-E302306.htm
3M,3.7,https://www.glassdoor.com/Reviews/3M-Reviews-E446.htm
Bayer,3.9,https://www.glassdoor.com/Reviews/Bayer-Reviews-E4245.htm
Columbia University,4.1,https://www.glassdoor.com/Reviews/Columbia-University-Reviews-E2748.htm
Bain & Company,4.4,https://www.glassdoor.com/Reviews/Bain-and-Company-Reviews-E3752.htm
Instacart,3.6,https://www.glassdoor.com/Reviews/Instacart-Reviews-E714486.htm
New York City Department of Education,3.6,https://www.glassdoor.com/Reviews/New-York-City-Department-of-Education-Reviews-E105247.htm
University of Pennsylvania,4.1,https://www.glassdoor.com/Reviews/University-of-Pennsylvania-Reviews-E3025.htm
UC San Diego,4.1,https://www.glassdoor.com/Reviews/UC-San-Diego-Reviews-E32523.htm
Cleveland Clinic,3.7,https://www.glassdoor.com/Reviews/Cleveland-Clinic-Reviews-E17787.htm
Texas A&M University,4.3,https://www.glassdoor.com/Reviews/Texas-A-and-M-University-Reviews-E1077312.htm
GE HealthCare,4.3,https://www.glassdoor.com/Reviews/GE-HealthCare-Reviews-E4112.htm
UKG,3.8,https://www.glassdoor.com/Reviews/UKG-Reviews-E7900.htm
Micron Technology,3.7,https://www.glassdoor.com/Reviews/Micron-Technology-Reviews-E1648.htm
Southwest Airlines,4.1,https://www.glassdoor.com/Reviews/Southwest-Airlines-Reviews-E611.htm
Asurion,3.3,https://www.glassdoor.com/Reviews/Asurion-Reviews-E16924.htm
The Ohio State University,4.2,https://www.glassdoor.com/Reviews/The-Ohio-State-University-Reviews-E2923.htm
UPMC,3.2,https://www.glassdoor.com/Reviews/UPMC-Reviews-E14679.htm
Kmart,3.4,https://www.glassdoor.com/Reviews/Kmart-Reviews-E370.htm
Leidos,3.8,https://www.glassdoor.com/Reviews/Leidos-Reviews-E730545.htm
University of Texas at Austin,4.3,https://www.glassdoor.com/Reviews/University-of-Texas-at-Austin-Reviews-E133952.htm
Rocket Companies,3.5,https://www.glassdoor.com/Reviews/Rocket-Companies-Reviews-E7856.htm
Workday,4.2,https://www.glassdoor.com/Reviews/Workday-Reviews-E197851.htm
Genentech,4.2,https://www.glassdoor.com/Reviews/Genentech-Reviews-E274.htm
Eaton,3.9,https://www.glassdoor.com/Reviews/Eaton-Reviews-E221.htm
Prudential,3.9,https://www.glassdoor.com/Reviews/Prudential-Reviews-E2944.htm
Food Lion,3.3,https://www.glassdoor.com/Reviews/Food-Lion-Reviews-E16998.htm
Western Digital,3.7,https://www.glassdoor.com/Reviews/Western-Digital-Reviews-E1067.htm
Nestlé,4.1,https://www.glassdoor.com/Reviews/Nestl%C3%A9-Reviews-E3492.htm
University of Southern California,4.3,https://www.glassdoor.com/Reviews/University-of-Southern-California-Reviews-E3027.htm
NCR,3.6,https://www.glassdoor.com/Reviews/NCR-Reviews-E4212.htm
Publicis Sapient,3.8,https://www.glassdoor.com/Reviews/Publicis-Sapient-Reviews-E1646026.htm
Life Time,3.5,https://www.glassdoor.com/Reviews/Life-Time-Reviews-E21088.htm
Tata Consultancy Services (North America),3.8,https://www.glassdoor.com/Reviews/Tata-Consultancy-Services-North-America-Reviews-E23279.htm
Arizona State University,4.2,https://www.glassdoor.com/Reviews/Arizona-State-University-Reviews-E29302.htm
Urban Outfitters,3.5,https://www.glassdoor.com/Reviews/Urban-Outfitters-Reviews-E2372.htm
Applied Materials,4.1,https://www.glassdoor.com/Reviews/Applied-Materials-Reviews-E1139.htm
Roche,4.3,https://www.glassdoor.com/Reviews/Roche-Reviews-E3480.htm
EPAM Systems,4.1,https://www.glassdoor.com/Reviews/EPAM-Systems-Reviews-E15544.htm
AstraZeneca,4.1,https://www.glassdoor.com/Reviews/AstraZeneca-Reviews-E9214.htm
Marshalls,3.5,https://www.glassdoor.com/Reviews/Marshalls-Reviews-E155412.htm
Disney Parks,3.8,https://www.glassdoor.com/Reviews/Disney-Parks-Reviews-E13843.htm
Wegmans Food Markets,4.1,https://www.glassdoor.com/Reviews/Wegmans-Food-Markets-Reviews-E3042.htm
Meijer,3.2,https://www.glassdoor.com/Reviews/Meijer-Reviews-E2894.htm
United States Federal Government,4.1,https://www.glassdoor.com/Reviews/United-States-Federal-Government-Reviews-E236635.htm
SAIC,4.0,https://www.glassdoor.com/Reviews/SAIC-Reviews-E41130.htm
Halliburton,3.7,https://www.glassdoor.com/Reviews/Halliburton-Reviews-E307.htm
Express Employment Professionals,3.9,https://www.glassdoor.com/Reviews/Express-Employment-Professionals-Reviews-E11188.htm
Northside Hospital,4.2,https://www.glassdoor.com/Reviews/Northside-Hospital-Reviews-E20642.htm
Chevron,4.2,https://www.glassdoor.com/Reviews/Chevron-Reviews-E13524.htm
Keller Williams,4.4,https://www.glassdoor.com/Reviews/Keller-Williams-Reviews-E114145.htm
Brookdale Senior Living,3.4,https://www.glassdoor.com/Reviews/Brookdale-Senior-Living-Reviews-E6433.htm
New York Life,3.7,https://www.glassdoor.com/Reviews/New-York-Life-Reviews-E2915.htm
Atos-Syntel,3.6,https://www.glassdoor.com/Reviews/Atos-Syntel-Reviews-E5304.htm
Amgen,4.1,https://www.glassdoor.com/Reviews/Amgen-Reviews-E1130.htm
University of Minnesota,4.2,https://www.glassdoor.com/Reviews/University-of-Minnesota-Reviews-E3735.htm
Paycom,3.5,https://www.glassdoor.com/Reviews/Paycom-Reviews-E136736.htm
Panda Express,3.6,https://www.glassdoor.com/Reviews/Panda-Express-Reviews-E5659.htm
Aetna,3.4,https://www.glassdoor.com/Reviews/Aetna-Reviews-E16.htm
Baylor Scott & White Health,3.8,https://www.glassdoor.com/Reviews/Baylor-Scott-and-White-Health-Reviews-E4458.htm
Chili's Grill and Bar,3.4,https://www.glassdoor.com/Reviews/Chili-s-Grill-and-Bar-Reviews-E143310.htm
Discover,3.9,https://www.glassdoor.com/Reviews/Discover-Reviews-E13990.htm
Quest Diagnostics,3.4,https://www.glassdoor.com/Reviews/Quest-Diagnostics-Reviews-E6655.htm
Harvard University,4.3,https://www.glassdoor.com/Reviews/Harvard-University-Reviews-E2817.htm
Kraft Heinz Company,3.5,https://www.glassdoor.com/Reviews/Kraft-Heinz-Company-Reviews-E1026712.htm
Menards,3.5,https://www.glassdoor.com/Reviews/Menards-Reviews-E2895.htm
Amazon Web Services,3.8,https://www.glassdoor.com/Reviews/Amazon-Web-Services-Reviews-E7470741.htm
Memorial Sloan Kettering Cancer Center,3.9,https://www.glassdoor.com/Reviews/Memorial-Sloan-Kettering-Cancer-Center-Reviews-E4711.htm
US Department of Defense,4.0,https://www.glassdoor.com/Reviews/US-Department-of-Defense-Reviews-E14798.htm
DHL Supply Chain,3.8,https://www.glassdoor.com/Reviews/DHL-Supply-Chain-Reviews-E707945.htm
Banana Republic,3.6,https://www.glassdoor.com/Reviews/Banana-Republic-Reviews-E23057.htm
Cargill,4.0,https://www.glassdoor.com/Reviews/Cargill-Reviews-E2739.htm
Northwell Health,3.9,https://www.glassdoor.com/Reviews/Northwell-Health-Reviews-E1142964.htm
Zara,3.4,https://www.glassdoor.com/Reviews/Zara-Reviews-E17544.htm
Sonic,3.2,https://www.glassdoor.com/Reviews/Sonic-Reviews-E1303.htm
Ecolab,3.7,https://www.glassdoor.com/Reviews/Ecolab-Reviews-E222.htm
Chick-fil-A Restaurants,3.9,https://www.glassdoor.com/Reviews/Chick-fil-A-Restaurants-Reviews-E8432188.htm
Penn State,4.1,https://www.glassdoor.com/Reviews/Penn-State-Reviews-E2931.htm
"The TJX Companies, Inc.",3.6,https://www.glassdoor.com/Reviews/The-TJX-Companies-Inc-Reviews-E639.htm
Papa John's,3.4,https://www.glassdoor.com/Reviews/Papa-John-s-Reviews-E2363.htm
Mercer,3.9,https://www.glassdoor.com/Reviews/Mercer-Reviews-E35818.htm
Paychex,3.7,https://www.glassdoor.com/Reviews/Paychex-Reviews-E1762.htm
XPO,3.6,https://www.glassdoor.com/Reviews/XPO-Reviews-E615153.htm
AMC Entertainment,3.6,https://www.glassdoor.com/Reviews/AMC-Entertainment-Reviews-E758.htm
NetApp,4.0,https://www.glassdoor.com/Reviews/NetApp-Reviews-E5406.htm
Robert Bosch,4.2,https://www.glassdoor.com/Reviews/Robert-Bosch-Reviews-E3353.htm
Emerson,3.9,https://www.glassdoor.com/Reviews/Emerson-Reviews-E225.htm
Mastercard,4.3,https://www.glassdoor.com/Reviews/Mastercard-Reviews-E3677.htm
John Deere,4.2,https://www.glassdoor.com/Reviews/John-Deere-Reviews-E195.htm
Indeed,4.2,https://www.glassdoor.com/Reviews/Indeed-Reviews-E100561.htm
Lyft,3.6,https://www.glassdoor.com/Reviews/Lyft-Reviews-E700614.htm
Advantage Solutions,3.4,https://www.glassdoor.com/Reviews/Advantage-Solutions-Reviews-E9287.htm
Texas Roadhouse,3.8,https://www.glassdoor.com/Reviews/Texas-Roadhouse-Reviews-E18664.htm
Bristol Myers Squibb,3.9,https://www.glassdoor.com/Reviews/Bristol-Myers-Squibb-Reviews-E107.htm
DONE by NONE,4.0,https://www.glassdoor.com/Reviews/DONE-by-NONE-Reviews-E619738.htm
Citizens,3.7,https://www.glassdoor.com/Reviews/Citizens-Reviews-E13640.htm
University of Maryland,4.2,https://www.glassdoor.com/Reviews/University-of-Maryland-Reviews-E129869.htm
Northwestern University,4.1,https://www.glassdoor.com/Reviews/Northwestern-University-Reviews-E3919.htm
General Dynamics Information Technology,4.0,https://www.glassdoor.com/Reviews/General-Dynamics-Information-Technology-Reviews-E18661.htm
Mayo Clinic,3.9,https://www.glassdoor.com/Reviews/Mayo-Clinic-Reviews-E19884.htm
S&P Global,4.2,https://www.glassdoor.com/Reviews/S-and-P-Global-Reviews-E1259396.htm
Rutgers University,4.0,https://www.glassdoor.com/Reviews/Rutgers-University-Reviews-E22285.htm
MIT,4.4,https://www.glassdoor.com/Reviews/MIT-Reviews-E2889.htm
Hy-Vee,3.4,https://www.glassdoor.com/Reviews/Hy-Vee-Reviews-E2838.htm
NYU Langone Health,4.1,https://www.glassdoor.com/Reviews/NYU-Langone-Health-Reviews-E121521.htm
"Toys ""R"" Us",3.7,https://www.glassdoor.com/Reviews/Toys-R-Us-Reviews-E672.htm
ZS Associates,3.8,https://www.glassdoor.com/Reviews/ZS-Associates-Reviews-E115506.htm
Maxim Healthcare Services,3.6,https://www.glassdoor.com/Reviews/Maxim-Healthcare-Services-Reviews-E18132.htm
BNP Paribas,3.8,https://www.glassdoor.com/Reviews/BNP-Paribas-Reviews-E10342.htm
adidas,3.9,https://www.glassdoor.com/Reviews/adidas-Reviews-E10692.htm
Cardinal Health,3.6,https://www.glassdoor.com/Reviews/Cardinal-Health-Reviews-E1227.htm
Broadcom,3.7,https://www.glassdoor.com/Reviews/Broadcom-Reviews-E6926.htm
L3Harris,3.7,https://www.glassdoor.com/Reviews/L3Harris-Reviews-E2898734.htm
The Johns Hopkins University,4.1,https://www.glassdoor.com/Reviews/The-Johns-Hopkins-University-Reviews-E2851.htm
LA Fitness,3.0,https://www.glassdoor.com/Reviews/LA-Fitness-Reviews-E309696.htm
Advance Auto Parts,3.3,https://www.glassdoor.com/Reviews/Advance-Auto-Parts-Reviews-E8708.htm
Nones,3.9,https://www.glassdoor.com/Reviews/Nones-Reviews-E2522994.htm
AbbVie,3.9,https://www.glassdoor.com/Reviews/AbbVie-Reviews-E649837.htm
Edward Jones,3.8,https://www.glassdoor.com/Reviews/Edward-Jones-Reviews-E3161.htm
Sprouts Farmers Market,3.2,https://www.glassdoor.com/Reviews/Sprouts-Farmers-Market-Reviews-E134467.htm
Boston Scientific,4.1,https://www.glassdoor.com/Reviews/Boston-Scientific-Reviews-E2187.htm
ABB,4.0,https://www.glassdoor.com/Reviews/ABB-Reviews-E3076.htm
University of Florida,4.2,https://www.glassdoor.com/Reviews/University-of-Florida-Reviews-E3017.htm
Amdocs,3.9,https://www.glassdoor.com/Reviews/Amdocs-Reviews-E8418.htm
Slalom,4.3,https://www.glassdoor.com/Reviews/Slalom-Reviews-E31102.htm
Family Dollar Stores,2.9,https://www.glassdoor.com/Reviews/Family-Dollar-Stores-Reviews-E243.htm
University of Chicago,4.2,https://www.glassdoor.com/Reviews/University-of-Chicago-Reviews-E3016.htm
BD,3.9,https://www.glassdoor.com/Reviews/BD-Reviews-E88.htm
Mount Sinai Health System,3.6,https://www.glassdoor.com/Reviews/Mount-Sinai-Health-System-Reviews-E121517.htm
Purdue University,4.3,https://www.glassdoor.com/Reviews/Purdue-University-Reviews-E23491.htm
Banner Health,3.3,https://www.glassdoor.com/Reviews/Banner-Health-Reviews-E11958.htm
Lidl,3.1,https://www.glassdoor.com/Reviews/Lidl-Reviews-E7428.htm
bp,4.1,https://www.glassdoor.com/Reviews/bp-Reviews-E9011.htm
Whirlpool Corporation,4.0,https://www.glassdoor.com/Reviews/Whirlpool-Corporation-Reviews-E732.htm
Fastenal,3.6,https://www.glassdoor.com/Reviews/Fastenal-Reviews-E1391.htm
Parexel,4.0,https://www.glassdoor.com/Reviews/Parexel-Reviews-E5334.htm
Vector Marketing,4.4,https://www.glassdoor.com/Reviews/Vector-Marketing-Reviews-E26785.htm
Maximus,3.4,https://www.glassdoor.com/Reviews/Maximus-Reviews-E6725.htm
Atos,3.7,https://www.glassdoor.com/Reviews/Atos-Reviews-E10686.htm
Uber,3.9,https://www.glassdoor.com/Reviews/Uber-Reviews-E575263.htm
Citrix,3.6,https://www.glassdoor.com/Reviews/Citrix-Reviews-E5432.htm
Harris Teeter,3.3,https://www.glassdoor.com/Reviews/Harris-Teeter-Reviews-E18182.htm
TaskUs,4.4,https://www.glassdoor.com/Reviews/TaskUs-Reviews-E350702.htm
University of California Berkeley,4.3,https://www.glassdoor.com/Reviews/University-of-California-Berkeley-Reviews-E32512.htm
PPD,3.9,https://www.glassdoor.com/Reviews/PPD-Reviews-E5695.htm
AMD,4.1,https://www.glassdoor.com/Reviews/AMD-Reviews-E15.htm
Planet Fitness,3.4,https://www.glassdoor.com/Reviews/Planet-Fitness-Reviews-E213270.htm
BASF,3.8,https://www.glassdoor.com/Reviews/BASF-Reviews-E4231.htm
Sysco,3.3,https://www.glassdoor.com/Reviews/Sysco-Reviews-E634.htm
The Cheesecake Factory,3.8,https://www.glassdoor.com/Reviews/The-Cheesecake-Factory-Reviews-E2229.htm
Informatica,4.1,https://www.glassdoor.com/Reviews/Informatica-Reviews-E8797.htm
Banfield Pet Hospital,3.0,https://www.glassdoor.com/Reviews/Banfield-Pet-Hospital-Reviews-E137890.htm
Outback Steakhouse,3.7,https://www.glassdoor.com/Reviews/Outback-Steakhouse-Reviews-E243979.htm
NortonLifeLock,3.8,https://www.glassdoor.com/Reviews/NortonLifeLock-Reviews-E1931.htm
ADT,3.1,https://www.glassdoor.com/Reviews/ADT-Reviews-E13956.htm
Anthropologie,3.9,https://www.glassdoor.com/Reviews/Anthropologie-Reviews-E241754.htm
Synopsys,4.1,https://www.glassdoor.com/Reviews/Synopsys-Reviews-E2143.htm
7-Eleven,3.4,https://www.glassdoor.com/Reviews/7-Eleven-Reviews-E3581.htm
Eli Lilly and Company,4.0,https://www.glassdoor.com/Reviews/Eli-Lilly-and-Company-Reviews-E223.htm
Dairy Queen,3.6,https://www.glassdoor.com/Reviews/Dairy-Queen-Reviews-E1526.htm
Autodesk,4.3,https://www.glassdoor.com/Reviews/Autodesk-Reviews-E1155.htm
Red Lobster,3.5,https://www.glassdoor.com/Reviews/Red-Lobster-Reviews-E153054.htm
Paramount,3.9,https://www.glassdoor.com/Reviews/Paramount-Reviews-E40260.htm
Academy Sports + Outdoors,3.4,https://www.glassdoor.com/Reviews/Academy-Sports-Outdoors-Reviews-E3053.htm
HubSpot,4.2,https://www.glassdoor.com/Reviews/HubSpot-Reviews-E227605.htm
Mattress Firm,3.3,https://www.glassdoor.com/Reviews/Mattress-Firm-Reviews-E28763.htm
Anonymous,3.7,https://www.glassdoor.com/Reviews/Anonymous-Reviews-E5182641.htm
Raising Cane's,3.9,https://www.glassdoor.com/Reviews/Raising-Cane-s-Reviews-E134590.htm
BAE Systems USA,3.7,https://www.glassdoor.com/Reviews/BAE-Systems-USA-Reviews-E18934.htm
University of Pittsburgh,3.9,https://www.glassdoor.com/Reviews/University-of-Pittsburgh-Reviews-E3026.htm
Amazon Flex,3.6,https://www.glassdoor.com/Reviews/Amazon-Flex-Reviews-E1324363.htm
MathWorks,4.4,https://www.glassdoor.com/Reviews/MathWorks-Reviews-E17117.htm
Indiana University,4.1,https://www.glassdoor.com/Reviews/Indiana-University-Reviews-E2840.htm
Apex Systems,3.8,https://www.glassdoor.com/Reviews/Apex-Systems-Reviews-E13916.htm
Angi,3.5,https://www.glassdoor.com/Reviews/Angi-Reviews-E15700.htm
The Hartford,3.9,https://www.glassdoor.com/Reviews/The-Hartford-Reviews-E4314.htm
NewYork-Presbyterian Hospital,4.0,https://www.glassdoor.com/Reviews/NewYork-Presbyterian-Hospital-Reviews-E121522.htm
American Red Cross,3.4,https://www.glassdoor.com/Reviews/American-Red-Cross-Reviews-E2707.htm
UC San Francisco,4.0,https://www.glassdoor.com/Reviews/UC-San-Francisco-Reviews-E32516.htm
Scribe America,3.1,https://www.glassdoor.com/Reviews/Scribe-America-Reviews-E473887.htm
Fresenius Medical Care - North America,3.5,https://www.glassdoor.com/Reviews/Fresenius-Medical-Care-North-America-Reviews-E10445.htm
Cox Communications,4.0,https://www.glassdoor.com/Reviews/Cox-Communications-Reviews-E4063.htm
Fifth Third,3.7,https://www.glassdoor.com/Reviews/Fifth-Third-Reviews-E1395.htm
Groupon,3.2,https://www.glassdoor.com/Reviews/Groupon-Reviews-E301291.htm
Experian,4.1,https://www.glassdoor.com/Reviews/Experian-Reviews-E42406.htm
Kumon,3.8,https://www.glassdoor.com/Reviews/Kumon-Reviews-E195805.htm
Intermountain Health,3.6,https://www.glassdoor.com/Reviews/Intermountain-Health-Reviews-E2842.htm
Northern Trust,3.9,https://www.glassdoor.com/Reviews/Northern-Trust-Reviews-E1710.htm
Convergys,3.1,https://www.glassdoor.com/Reviews/Convergys-Reviews-E8348.htm
Collins Aerospace,3.8,https://www.glassdoor.com/Reviews/Collins-Aerospace-Reviews-E2375726.htm
Continental,4.0,https://www.glassdoor.com/Reviews/Continental-Reviews-E3768.htm
Cushman & Wakefield,3.7,https://www.glassdoor.com/Reviews/Cushman-and-Wakefield-Reviews-E7416.htm
Georgia Tech,4.4,https://www.glassdoor.com/Reviews/Georgia-Tech-Reviews-E33375.htm
Electronic Arts,4.0,https://www.glassdoor.com/Reviews/Electronic-Arts-Reviews-E1628.htm
Grainger,4.1,https://www.glassdoor.com/Reviews/Grainger-Reviews-E711.htm
UC Davis,4.2,https://www.glassdoor.com/Reviews/UC-Davis-Reviews-E32514.htm
Little Caesars Pizza,3.3,https://www.glassdoor.com/Reviews/Little-Caesars-Pizza-Reviews-E2877.htm
Regal,3.4,https://www.glassdoor.com/Reviews/Regal-Reviews-E14917.htm
Hexaware Technologies,3.7,https://www.glassdoor.com/Reviews/Hexaware-Technologies-Reviews-E29098.htm
J.B. Hunt Transport,3.7,https://www.glassdoor.com/Reviews/J-B-Hunt-Transport-Reviews-E1540.htm
Warner Bros. Discovery,3.7,https://www.glassdoor.com/Reviews/Warner-Bros-Discovery-Reviews-E12777.htm
Great Clips,3.8,https://www.glassdoor.com/Reviews/Great-Clips-Reviews-E137809.htm
American Income Life,3.7,https://www.glassdoor.com/Reviews/American-Income-Life-Reviews-E107579.htm
Estée Lauder Companies,3.8,https://www.glassdoor.com/Reviews/Est%C3%A9e-Lauder-Companies-Reviews-E2785.htm
Dow,4.0,https://www.glassdoor.com/Reviews/Dow-Reviews-E207.htm
Aflac,3.8,https://www.glassdoor.com/Reviews/Aflac-Reviews-E1302.htm
Sutherland,3.7,https://www.glassdoor.com/Reviews/Sutherland-Reviews-E25705.htm
General Mills,4.1,https://www.glassdoor.com/Reviews/General-Mills-Reviews-E278.htm
University of Illinois at Urbana-Champaign,4.4,https://www.glassdoor.com/Reviews/University-of-Illinois-at-Urbana-Champaign-Reviews-E142738.htm
BAYADA Home Health Care,3.7,https://www.glassdoor.com/Reviews/BAYADA-Home-Health-Care-Reviews-E153924.htm
KeyBank,3.7,https://www.glassdoor.com/Reviews/KeyBank-Reviews-E381.htm
Express,3.3,https://www.glassdoor.com/Reviews/Express-Reviews-E14597.htm
Motorola Solutions,4.0,https://www.glassdoor.com/Reviews/Motorola-Solutions-Reviews-E427189.htm
Baxter,3.7,https://www.glassdoor.com/Reviews/Baxter-Reviews-E83.htm
Société Générale,3.4,https://www.glassdoor.com/Reviews/Soci%C3%A9t%C3%A9-G%C3%A9n%C3%A9rale-Reviews-E10350.htm
CDW,4.0,https://www.glassdoor.com/Reviews/CDW-Reviews-E2347.htm
Virtusa,3.8,https://www.glassdoor.com/Reviews/Virtusa-Reviews-E29396.htm
WM,3.6,https://www.glassdoor.com/Reviews/WM-Reviews-E2094.htm
Protiviti,4.1,https://www.glassdoor.com/Reviews/Protiviti-Reviews-E30849.htm
Toyota North America,3.9,https://www.glassdoor.com/Reviews/Toyota-North-America-Reviews-E3544.htm
Twitter,3.2,https://www.glassdoor.com/Reviews/Twitter-Reviews-E100569.htm
Mars,4.3,https://www.glassdoor.com/Reviews/Mars-Reviews-E2886.htm
Regions Financial,3.6,https://www.glassdoor.com/Reviews/Regions-Financial-Reviews-E1397.htm
J. Crew,4.0,https://www.glassdoor.com/Reviews/J-Crew-Reviews-E2848.htm
Liveops,3.5,https://www.glassdoor.com/Reviews/Liveops-Reviews-E105609.htm
University of Wisconsin-Madison,4.3,https://www.glassdoor.com/Reviews/University-of-Wisconsin-Madison-Reviews-E582975.htm
Greystar,3.8,https://www.glassdoor.com/Reviews/Greystar-Reviews-E214146.htm
Yale University,4.2,https://www.glassdoor.com/Reviews/Yale-University-Reviews-E3045.htm
Washington University in St. Louis,4.1,https://www.glassdoor.com/Reviews/Washington-University-in-St-Louis-Reviews-E3727.htm
Hobby Lobby,3.3,https://www.glassdoor.com/Reviews/Hobby-Lobby-Reviews-E7537.htm
GE Aerospace,3.9,https://www.glassdoor.com/Reviews/GE-Aerospace-Reviews-E8674.htm
Duke University,4.1,https://www.glassdoor.com/Reviews/Duke-University-Reviews-E2775.htm
Larsen & Toubro,3.8,https://www.glassdoor.com/Reviews/Larsen-and-Toubro-Reviews-E41782.htm
Takeda Pharmaceuticals,4.0,https://www.glassdoor.com/Reviews/Takeda-Pharmaceuticals-Reviews-E7774.htm
Red Hat,4.2,https://www.glassdoor.com/Reviews/Red-Hat-Reviews-E8868.htm
DocuSign,3.7,https://www.glassdoor.com/Reviews/DocuSign-Reviews-E307604.htm
Patni Computer Systems,4.0,https://www.glassdoor.com/Reviews/Patni-Computer-Systems-Reviews-E17328.htm
In-N-Out Burger,4.3,https://www.glassdoor.com/Reviews/In-N-Out-Burger-Reviews-E14276.htm
Avanade,4.2,https://www.glassdoor.com/Reviews/Avanade-Reviews-E11701.htm
Massachusetts General Hospital,4.0,https://www.glassdoor.com/Reviews/Massachusetts-General-Hospital-Reviews-E20189.htm
Ricoh,3.5,https://www.glassdoor.com/Reviews/Ricoh-Reviews-E21210.htm
First Student,3.9,https://www.glassdoor.com/Reviews/First-Student-Reviews-E16694.htm
American Automobile Association (AAA),3.4,https://www.glassdoor.com/Reviews/American-Automobile-Association-AAA-Reviews-E2705.htm
Birlasoft,3.6,https://www.glassdoor.com/Reviews/Birlasoft-Reviews-E30748.htm
Cognizant,3.8,https://www.glassdoor.com/Reviews/Cognizant-Reviews-E5364600.htm
Circle K,3.2,https://www.glassdoor.com/Reviews/Circle-K-Reviews-E195842.htm
Arby's,3.4,https://www.glassdoor.com/Reviews/Arby-s-Reviews-E41477.htm
Juniper Networks,4.3,https://www.glassdoor.com/Reviews/Juniper-Networks-Reviews-E7224.htm
Gilead Sciences,3.8,https://www.glassdoor.com/Reviews/Gilead-Sciences-Reviews-E2016.htm
O'Reilly Auto Parts,3.3,https://www.glassdoor.com/Reviews/O-Reilly-Auto-Parts-Reviews-E2328.htm
Ralph Lauren,3.8,https://www.glassdoor.com/Reviews/Ralph-Lauren-Reviews-E2937.htm
Brigham Young University (BYU),4.5,https://www.glassdoor.com/Reviews/Brigham-Young-University-BYU-Reviews-E21395.htm
Six Flags,3.5,https://www.glassdoor.com/Reviews/Six-Flags-Reviews-E6021.htm
Kiewit Corporation,3.8,https://www.glassdoor.com/Reviews/Kiewit-Corporation-Reviews-E2935.htm
MD Anderson Cancer Center,4.1,https://www.glassdoor.com/Reviews/MD-Anderson-Cancer-Center-Reviews-E19300.htm
Capgemini Engineering,3.7,https://www.glassdoor.com/Reviews/Capgemini-Engineering-Reviews-E28187.htm
Mondelēz International,4.0,https://www.glassdoor.com/Reviews/Mondel%C4%93z-International-Reviews-E628257.htm
CACI International,4.0,https://www.glassdoor.com/Reviews/CACI-International-Reviews-E1201.htm
Eurofins Scientific,3.3,https://www.glassdoor.com/Reviews/Eurofins-Scientific-Reviews-E25113.htm
University of Utah,4.2,https://www.glassdoor.com/Reviews/University-of-Utah-Reviews-E33467.htm
"Williams-Sonoma, Inc.",3.3,https://www.glassdoor.com/Reviews/Williams-Sonoma-Inc-Reviews-E2043.htm
Cyient,3.6,https://www.glassdoor.com/Reviews/Cyient-Reviews-E145213.htm
Uniqlo,3.4,https://www.glassdoor.com/Reviews/Uniqlo-Reviews-E320880.htm
Bloomingdale's,3.3,https://www.glassdoor.com/Reviews/Bloomingdale-s-Reviews-E14465.htm
C.H. Robinson,3.6,https://www.glassdoor.com/Reviews/C-H-Robinson-Reviews-E7124.htm
WSP,3.7,https://www.glassdoor.com/Reviews/WSP-Reviews-E13584.htm
Cornell University,4.4,https://www.glassdoor.com/Reviews/Cornell-University-Reviews-E3732.htm
SpaceX,3.9,https://www.glassdoor.com/Reviews/SpaceX-Reviews-E40371.htm
Boston University,4.2,https://www.glassdoor.com/Reviews/Boston-University-Reviews-E3734.htm
ICON,3.7,https://www.glassdoor.com/Reviews/ICON-Reviews-E8344.htm
Foot Locker,3.7,https://www.glassdoor.com/Reviews/Foot-Locker-Reviews-E238.htm
FactSet,4.1,https://www.glassdoor.com/Reviews/FactSet-Reviews-E6066.htm
Edelman,3.6,https://www.glassdoor.com/Reviews/Edelman-Reviews-E4608.htm
Everise,4.6,https://www.glassdoor.com/Reviews/Everise-Reviews-E411039.htm
Shoprite Supermarkets,3.4,https://www.glassdoor.com/Reviews/Shoprite-Supermarkets-Reviews-E346610.htm
Albertsons Companies,3.5,https://www.glassdoor.com/Reviews/Albertsons-Companies-Reviews-E22.htm
REI,3.9,https://www.glassdoor.com/Reviews/REI-Reviews-E7319.htm
Coforge,3.8,https://www.glassdoor.com/Reviews/Coforge-Reviews-E36319.htm
Anonymous Content,3.8,https://www.glassdoor.com/Reviews/Anonymous-Content-Reviews-E32408.htm
DSW,3.6,https://www.glassdoor.com/Reviews/DSW-Reviews-E38052.htm
BDO USA,3.8,https://www.glassdoor.com/Reviews/BDO-USA-Reviews-E346477.htm
Sedgwick,3.3,https://www.glassdoor.com/Reviews/Sedgwick-Reviews-E31568.htm
Henkel,4.3,https://www.glassdoor.com/Reviews/Henkel-Reviews-E3217.htm
Collabera,3.8,https://www.glassdoor.com/Reviews/Collabera-Reviews-E13754.htm
Zillow,3.9,https://www.glassdoor.com/Reviews/Zillow-Reviews-E40802.htm
Wawa,3.8,https://www.glassdoor.com/Reviews/Wawa-Reviews-E3041.htm
Bright Horizons Family Solutions,3.6,https://www.glassdoor.com/Reviews/Bright-Horizons-Family-Solutions-Reviews-E6525.htm
Red Robin,3.4,https://www.glassdoor.com/Reviews/Red-Robin-Reviews-E14609.htm
"Blue Cross Blue Shield of Illinois, Montana, New Mexico, Oklahoma & Texas | HCSC",3.9,https://www.glassdoor.com/Reviews/Blue-Cross-Blue-Shield-of-Illinois-Montana-New-Mexico-Oklahoma-and-Texas-HCSC-Reviews-E5787.htm
UT Southwestern Medical Center,3.9,https://www.glassdoor.com/Reviews/UT-Southwestern-Medical-Center-Reviews-E121396.htm
NIH,4.3,https://www.glassdoor.com/Reviews/NIH-Reviews-E11709.htm
Express Scripts,3.2,https://www.glassdoor.com/Reviews/Express-Scripts-Reviews-E2212.htm
Love's Travel Stops & Country Stores,4.0,https://www.glassdoor.com/Reviews/Love-s-Travel-Stops-and-Country-Stores-Reviews-E8902.htm
Orangetheory Fitness,3.8,https://www.glassdoor.com/Reviews/Orangetheory-Fitness-Reviews-E688042.htm
Booking.com,4.2,https://www.glassdoor.com/Reviews/Booking-com-Reviews-E256653.htm
Michigan State University,4.3,https://www.glassdoor.com/Reviews/Michigan-State-University-Reviews-E7795.htm
Emory University,4.2,https://www.glassdoor.com/Reviews/Emory-University-Reviews-E2782.htm
The Salvation Army,3.5,https://www.glassdoor.com/Reviews/The-Salvation-Army-Reviews-E2965.htm
Rackspace Technology,3.6,https://www.glassdoor.com/Reviews/Rackspace-Technology-Reviews-E11783.htm
GNC,3.2,https://www.glassdoor.com/Reviews/GNC-Reviews-E2270.htm
BBVA,3.8,https://www.glassdoor.com/Reviews/BBVA-Reviews-E1237.htm
Power Home Remodeling,4.6,https://www.glassdoor.com/Reviews/Power-Home-Remodeling-Reviews-E405781.htm
Netflix,4.2,https://www.glassdoor.com/Reviews/Netflix-Reviews-E11891.htm
Sunrise Senior Living,3.4,https://www.glassdoor.com/Reviews/Sunrise-Senior-Living-Reviews-E6023.htm
24 Hour Fitness,3.5,https://www.glassdoor.com/Reviews/24-Hour-Fitness-Reviews-E8479.htm
CARVANA,2.9,https://www.glassdoor.com/Reviews/CARVANA-Reviews-E750603.htm
Baker Hughes,4.0,https://www.glassdoor.com/Reviews/Baker-Hughes-Reviews-E1902699.htm
US Census Bureau,4.0,https://www.glassdoor.com/Reviews/US-Census-Bureau-Reviews-E33473.htm
Whataburger,3.4,https://www.glassdoor.com/Reviews/Whataburger-Reviews-E3438.htm
Dignity Health,3.8,https://www.glassdoor.com/Reviews/Dignity-Health-Reviews-E2741.htm
Stanley Black & Decker,3.5,https://www.glassdoor.com/Reviews/Stanley-Black-and-Decker-Reviews-E350350.htm
SunTrust,3.8,https://www.glassdoor.com/Reviews/SunTrust-Reviews-E631.htm
TIAA,4.0,https://www.glassdoor.com/Reviews/TIAA-Reviews-E2998.htm
U-Haul,3.3,https://www.glassdoor.com/Reviews/U-Haul-Reviews-E236315.htm
Enterprise Holdings,3.7,https://www.glassdoor.com/Reviews/Enterprise-Holdings-Reviews-E354335.htm
WeWork,3.6,https://www.glassdoor.com/Reviews/WeWork-Reviews-E661275.htm
Belk,3.3,https://www.glassdoor.com/Reviews/Belk-Reviews-E2732.htm
Arm,4.2,https://www.glassdoor.com/Reviews/Arm-Reviews-E7834.htm
Hitachi Vantara,3.4,https://www.glassdoor.com/Reviews/Hitachi-Vantara-Reviews-E1802134.htm
Chewy,3.5,https://www.glassdoor.com/Reviews/Chewy-Reviews-E815856.htm
GoDaddy,3.7,https://www.glassdoor.com/Reviews/GoDaddy-Reviews-E35337.htm
AlphaSights,3.5,https://www.glassdoor.com/Reviews/AlphaSights-Reviews-E465088.htm
JOANN Stores,3.0,https://www.glassdoor.com/Reviews/JOANN-Stores-Reviews-E241.htm
Infor,4.0,https://www.glassdoor.com/Reviews/Infor-Reviews-E15375.htm
BJ's Wholesale Club,3.1,https://www.glassdoor.com/Reviews/BJ-s-Wholesale-Club-Reviews-E6813.htm
University of Arizona,4.2,https://www.glassdoor.com/Reviews/University-of-Arizona-Reviews-E24228.htm
Private,4.1,https://www.glassdoor.com/Reviews/Private-Reviews-E2403074.htm
JetBlue,3.7,https://www.glassdoor.com/Reviews/JetBlue-Reviews-E11385.htm
FedEx Office,3.4,https://www.glassdoor.com/Reviews/FedEx-Office-Reviews-E3959.htm
KinderCare Learning Centers,2.9,https://www.glassdoor.com/Reviews/KinderCare-Learning-Centers-Reviews-E241715.htm
Gallagher,3.5,https://www.glassdoor.com/Reviews/Gallagher-Reviews-E57.htm
IHG Hotels and Resorts,4.0,https://www.glassdoor.com/Reviews/IHG-Hotels-and-Resorts-Reviews-E4232.htm
University of Illinois at Chicago,4.1,https://www.glassdoor.com/Reviews/University-of-Illinois-at-Chicago-Reviews-E149533.htm
Sage,4.0,https://www.glassdoor.com/Reviews/Sage-Reviews-E1150.htm
Wolters Kluwer,3.7,https://www.glassdoor.com/Reviews/Wolters-Kluwer-Reviews-E10497.htm
Navy Federal Credit Union,4.1,https://www.glassdoor.com/Reviews/Navy-Federal-Credit-Union-Reviews-E7281.htm
Siemens Healthineers,4.1,https://www.glassdoor.com/Reviews/Siemens-Healthineers-Reviews-E1317005.htm
Grubhub,3.6,https://www.glassdoor.com/Reviews/Grubhub-Reviews-E419089.htm
Georgia-Pacific,3.5,https://www.glassdoor.com/Reviews/Georgia-Pacific-Reviews-E284.htm
Stop & Shop,3.1,https://www.glassdoor.com/Reviews/Stop-and-Shop-Reviews-E2117.htm
University of Miami,4.0,https://www.glassdoor.com/Reviews/University-of-Miami-Reviews-E33297.htm
European Wax Center,3.2,https://www.glassdoor.com/Reviews/European-Wax-Center-Reviews-E397347.htm
Chubb,3.7,https://www.glassdoor.com/Reviews/Chubb-Reviews-E150.htm
Ann Taylor,3.5,https://www.glassdoor.com/Reviews/Ann-Taylor-Reviews-E1972.htm
Ameriprise,3.8,https://www.glassdoor.com/Reviews/Ameriprise-Reviews-E15316.htm
Big Lots,3.2,https://www.glassdoor.com/Reviews/Big-Lots-Reviews-E177.htm
Encompass Health,3.6,https://www.glassdoor.com/Reviews/Encompass-Health-Reviews-E1959649.htm
Volvo Group,4.1,https://www.glassdoor.com/Reviews/Volvo-Group-Reviews-E3516.htm
Under Armour,3.9,https://www.glassdoor.com/Reviews/Under-Armour-Reviews-E15422.htm
North Carolina State University,4.3,https://www.glassdoor.com/Reviews/North-Carolina-State-University-Reviews-E23944.htm
Freddie Mac,3.4,https://www.glassdoor.com/Reviews/Freddie-Mac-Reviews-E1585.htm
HomeGoods,3.5,https://www.glassdoor.com/Reviews/HomeGoods-Reviews-E295057.htm
CA Technologies,3.4,https://www.glassdoor.com/Reviews/CA-Technologies-Reviews-E167.htm
Caesars Entertainment,3.4,https://www.glassdoor.com/Reviews/Caesars-Entertainment-Reviews-E367190.htm
Atrium Health,3.8,https://www.glassdoor.com/Reviews/Atrium-Health-Reviews-E20209.htm
MedPro Healthcare Staffing,3.6,https://www.glassdoor.com/Reviews/MedPro-Healthcare-Staffing-Reviews-E476604.htm
Illumina,3.8,https://www.glassdoor.com/Reviews/Illumina-Reviews-E11671.htm
Assurant,3.6,https://www.glassdoor.com/Reviews/Assurant-Reviews-E13793.htm
Northwestern Medicine,3.8,https://www.glassdoor.com/Reviews/Northwestern-Medicine-Reviews-E120846.htm
Northeastern University,4.2,https://www.glassdoor.com/Reviews/Northeastern-University-Reviews-E23363.htm
Speedway LLC,2.9,https://www.glassdoor.com/Reviews/Speedway-LLC-Reviews-E19382.htm
TD Ameritrade,4.1,https://www.glassdoor.com/Reviews/TD-Ameritrade-Reviews-E6601.htm
Advocate Aurora Health,3.8,https://www.glassdoor.com/Reviews/Advocate-Aurora-Health-Reviews-E2323279.htm
TikTok,3.5,https://www.glassdoor.com/Reviews/TikTok-Reviews-E2230881.htm
Hogan Transportation Companies,3.5,https://www.glassdoor.com/Reviews/Hogan-Transportation-Companies-Reviews-E218557.htm
Fred Meyer,3.2,https://www.glassdoor.com/Reviews/Fred-Meyer-Reviews-E14993.htm
Tim Hortons,3.4,https://www.glassdoor.com/Reviews/Tim-Hortons-Reviews-E15227.htm
Kimberly-Clark,4.1,https://www.glassdoor.com/Reviews/Kimberly-Clark-Reviews-E383.htm
Compass Group,3.4,https://www.glassdoor.com/Reviews/Compass-Group-Reviews-E10832.htm
DuPont,3.9,https://www.glassdoor.com/Reviews/DuPont-Reviews-E215.htm
CVS Pharmacy,2.9,https://www.glassdoor.com/Reviews/CVS-Pharmacy-Reviews-E6942698.htm
World Wide Technology,4.1,https://www.glassdoor.com/Reviews/World-Wide-Technology-Reviews-E9553.htm
Sutter Health,3.8,https://www.glassdoor.com/Reviews/Sutter-Health-Reviews-E4654.htm
Crowe LLP,4.2,https://www.glassdoor.com/Reviews/Crowe-LLP-Reviews-E9414.htm
Fannie Mae,4.1,https://www.glassdoor.com/Reviews/Fannie-Mae-Reviews-E247.htm
Genesis Healthcare,3.0,https://www.glassdoor.com/Reviews/Genesis-Healthcare-Reviews-E33727.htm
Huawei Technologies,3.7,https://www.glassdoor.com/Reviews/Huawei-Technologies-Reviews-E9304.htm
Stellantis,3.6,https://www.glassdoor.com/Reviews/Stellantis-Reviews-E4463465.htm
Tractor Supply,3.6,https://www.glassdoor.com/Reviews/Tractor-Supply-Reviews-E2602.htm
ICF,3.8,https://www.glassdoor.com/Reviews/ICF-Reviews-E18654.htm
Kindred Hospitals,3.2,https://www.glassdoor.com/Reviews/Kindred-Hospitals-Reviews-E8220.htm
Giant Eagle,3.5,https://www.glassdoor.com/Reviews/Giant-Eagle-Reviews-E2796.htm
IHS Markit,4.0,https://www.glassdoor.com/Reviews/IHS-Markit-Reviews-E1337673.htm
NHS,3.7,https://www.glassdoor.com/Reviews/NHS-Reviews-E12873.htm
Waffle House,3.4,https://www.glassdoor.com/Reviews/Waffle-House-Reviews-E6491.htm
Anheuser-Busch InBev,3.8,https://www.glassdoor.com/Reviews/Anheuser-Busch-InBev-Reviews-E428473.htm
BMO Financial Group,3.9,https://www.glassdoor.com/Reviews/BMO-Financial-Group-Reviews-E3765.htm
Republic Services,3.5,https://www.glassdoor.com/Reviews/Republic-Services-Reviews-E8328.htm
M&T Bank,3.7,https://www.glassdoor.com/Reviews/M-and-T-Bank-Reviews-E858.htm
GlobalFoundries,3.4,https://www.glassdoor.com/Reviews/GlobalFoundries-Reviews-E229997.htm
QuikTrip,3.9,https://www.glassdoor.com/Reviews/QuikTrip-Reviews-E2947.htm
Union Pacific,2.3,https://www.glassdoor.com/Reviews/Union-Pacific-Reviews-E691.htm
Aspen Dental,3.0,https://www.glassdoor.com/Reviews/Aspen-Dental-Reviews-E141614.htm
Rockwell Automation,3.9,https://www.glassdoor.com/Reviews/Rockwell-Automation-Reviews-E567.htm
Winn-Dixie,3.4,https://www.glassdoor.com/Reviews/Winn-Dixie-Reviews-E739.htm
Hallmark,3.7,https://www.glassdoor.com/Reviews/Hallmark-Reviews-E2813.htm
Stitch Fix,3.2,https://www.glassdoor.com/Reviews/Stitch-Fix-Reviews-E783817.htm
US Foods,3.5,https://www.glassdoor.com/Reviews/US-Foods-Reviews-E2856.htm
CDK Global,3.0,https://www.glassdoor.com/Reviews/CDK-Global-Reviews-E870191.htm
Lenovo,4.0,https://www.glassdoor.com/Reviews/Lenovo-Reviews-E8034.htm
The Fresh Market,3.2,https://www.glassdoor.com/Reviews/The-Fresh-Market-Reviews-E33927.htm
Kantar,3.7,https://www.glassdoor.com/Reviews/Kantar-Reviews-E224811.htm
Unisys,3.7,https://www.glassdoor.com/Reviews/Unisys-Reviews-E692.htm
Huntington National Bank,3.7,https://www.glassdoor.com/Reviews/Huntington-National-Bank-Reviews-E1496.htm
NOV,3.7,https://www.glassdoor.com/Reviews/NOV-Reviews-E3306.htm
Reynolds and Reynolds,3.5,https://www.glassdoor.com/Reviews/Reynolds-and-Reynolds-Reviews-E564.htm
SSM Health,3.5,https://www.glassdoor.com/Reviews/SSM-Health-Reviews-E2987.htm
Mercy,3.6,https://www.glassdoor.com/Reviews/Mercy-Reviews-E4653.htm
Ace Hardware,3.8,https://www.glassdoor.com/Reviews/Ace-Hardware-Reviews-E2699.htm
Parker Hannifin,3.8,https://www.glassdoor.com/Reviews/Parker-Hannifin-Reviews-E517.htm
UnitedHealthCare,3.6,https://www.glassdoor.com/Reviews/UnitedHealthCare-Reviews-E3000093.htm
David's Bridal,3.3,https://www.glassdoor.com/Reviews/David-s-Bridal-Reviews-E9124.htm
UNC Chapel Hill,4.0,https://www.glassdoor.com/Reviews/UNC-Chapel-Hill-Reviews-E561649.htm
Ogilvy,3.7,https://www.glassdoor.com/Reviews/Ogilvy-Reviews-E13661.htm
Sally Beauty,3.1,https://www.glassdoor.com/Reviews/Sally-Beauty-Reviews-E17422.htm
Motorola Mobility,4.0,https://www.glassdoor.com/Reviews/Motorola-Mobility-Reviews-E451.htm
Avis Budget Group,3.4,https://www.glassdoor.com/Reviews/Avis-Budget-Group-Reviews-E7303.htm
DoorDash,3.7,https://www.glassdoor.com/Reviews/DoorDash-Reviews-E813073.htm
IRS,3.6,https://www.glassdoor.com/Reviews/IRS-Reviews-E41427.htm
University of Georgia,4.2,https://www.glassdoor.com/Reviews/University-of-Georgia-Reviews-E25403.htm
MITRE,3.0,https://www.glassdoor.com/Reviews/MITRE-Reviews-E3976.htm
Coach,4.0,https://www.glassdoor.com/Reviews/Coach-Reviews-E12070.htm
Stericycle,3.1,https://www.glassdoor.com/Reviews/Stericycle-Reviews-E6009.htm
Nutanix,4.2,https://www.glassdoor.com/Reviews/Nutanix-Reviews-E429159.htm
SAS,4.1,https://www.glassdoor.com/Reviews/SAS-Reviews-E3807.htm
Mathnasium,4.1,https://www.glassdoor.com/Reviews/Mathnasium-Reviews-E245646.htm
BDO,3.7,https://www.glassdoor.com/Reviews/BDO-Reviews-E7508.htm
Syneos Health,3.8,https://www.glassdoor.com/Reviews/Syneos-Health-Reviews-E1930341.htm
Ryder System,3.5,https://www.glassdoor.com/Reviews/Ryder-System-Reviews-E575.htm
Alight Solutions,3.5,https://www.glassdoor.com/Reviews/Alight-Solutions-Reviews-E1729719.htm
UC Irvine,4.3,https://www.glassdoor.com/Reviews/UC-Irvine-Reviews-E31144.htm
Compunnel,4.3,https://www.glassdoor.com/Reviews/Compunnel-Reviews-E141123.htm
Epsilon,3.9,https://www.glassdoor.com/Reviews/Epsilon-Reviews-E39997.htm
ProMedica Senior Care,3.3,https://www.glassdoor.com/Reviews/ProMedica-Senior-Care-Reviews-E354848.htm
Boehringer Ingelheim,4.2,https://www.glassdoor.com/Reviews/Boehringer-Ingelheim-Reviews-E10416.htm
Thales,3.7,https://www.glassdoor.com/Reviews/Thales-Reviews-E10358.htm
Levi Strauss,3.9,https://www.glassdoor.com/Reviews/Levi-Strauss-Reviews-E2872.htm
Kellogg Company,3.9,https://www.glassdoor.com/Reviews/Kellogg-Company-Reviews-E377.htm
Home Instead,3.5,https://www.glassdoor.com/Reviews/Home-Instead-Reviews-E592979.htm
Vanderbilt University Medical Center,3.7,https://www.glassdoor.com/Reviews/Vanderbilt-University-Medical-Center-Reviews-E34889.htm
Cellular Sales,3.6,https://www.glassdoor.com/Reviews/Cellular-Sales-Reviews-E152005.htm
Airbnb,4.4,https://www.glassdoor.com/Reviews/Airbnb-Reviews-E391850.htm
Truist,3.5,https://www.glassdoor.com/Reviews/Truist-Reviews-E3145458.htm
Success Academy Charter Schools,2.7,https://www.glassdoor.com/Reviews/Success-Academy-Charter-Schools-Reviews-E381408.htm
Gap Inc.,3.6,https://www.glassdoor.com/Reviews/Gap-Inc-Reviews-E1070099.htm
Inova,3.8,https://www.glassdoor.com/Reviews/Inova-Reviews-E6293.htm
Memorial Hermann Health System,3.9,https://www.glassdoor.com/Reviews/Memorial-Hermann-Health-System-Reviews-E4459.htm
Gensler,4.0,https://www.glassdoor.com/Reviews/Gensler-Reviews-E14045.htm
Chicago Public Schools,3.4,https://www.glassdoor.com/Reviews/Chicago-Public-Schools-Reviews-E133773.htm
Five Guys Burgers & Fries,3.6,https://www.glassdoor.com/Reviews/Five-Guys-Burgers-and-Fries-Reviews-E313650.htm
CHI,3.4,https://www.glassdoor.com/Reviews/CHI-Reviews-E4652.htm
Ipsos,3.6,https://www.glassdoor.com/Reviews/Ipsos-Reviews-E13063.htm
National Instruments,3.9,https://www.glassdoor.com/Reviews/National-Instruments-Reviews-E4030.htm
CoStar Group,2.9,https://www.glassdoor.com/Reviews/CoStar-Group-Reviews-E7901.htm
Brigham and Women's Hospital,3.8,https://www.glassdoor.com/Reviews/Brigham-and-Women-s-Hospital-Reviews-E20213.htm
RadioShack,3.3,https://www.glassdoor.com/Reviews/RadioShack-Reviews-E641.htm
US Coast Guard,4.1,https://www.glassdoor.com/Reviews/US-Coast-Guard-Reviews-E41291.htm
Pier 1 Imports,3.8,https://www.glassdoor.com/Reviews/Pier-1-Imports-Reviews-E532.htm
Boston Children's Hospital,4.0,https://www.glassdoor.com/Reviews/Boston-Children-s-Hospital-Reviews-E18645.htm
CROSSMARK,3.3,https://www.glassdoor.com/Reviews/CROSSMARK-Reviews-E9286.htm
Tyson Foods,3.5,https://www.glassdoor.com/Reviews/Tyson-Foods-Reviews-E1975.htm
R.R. Donnelley,3.4,https://www.glassdoor.com/Reviews/R-R-Donnelley-Reviews-E554.htm
Virginia Tech,4.2,https://www.glassdoor.com/Reviews/Virginia-Tech-Reviews-E22832.htm
Cinemark,3.7,https://www.glassdoor.com/Reviews/Cinemark-Reviews-E3612.htm
athenahealth,3.9,https://www.glassdoor.com/Reviews/athenahealth-Reviews-E18207.htm
Zimmer Biomet,3.7,https://www.glassdoor.com/Reviews/Zimmer-Biomet-Reviews-E1017414.htm
Akamai,4.4,https://www.glassdoor.com/Reviews/Akamai-Reviews-E9219.htm
Red Bull,4.2,https://www.glassdoor.com/Reviews/Red-Bull-Reviews-E12190.htm
The Children's Place,3.3,https://www.glassdoor.com/Reviews/The-Children-s-Place-Reviews-E7028.htm
Party City,3.2,https://www.glassdoor.com/Reviews/Party-City-Reviews-E6126.htm
University of Colorado Boulder,4.2,https://www.glassdoor.com/Reviews/University-of-Colorado-Boulder-Reviews-E313289.htm
MarketSource,3.2,https://www.glassdoor.com/Reviews/MarketSource-Reviews-E29386.htm
Bob Evans Restaurants,3.7,https://www.glassdoor.com/Reviews/Bob-Evans-Restaurants-Reviews-E1190.htm
None of Your Business Boutique,4.2,https://www.glassdoor.com/Reviews/None-of-Your-Business-Boutique-Reviews-E3300709.htm
Marsh McLennan,4.0,https://www.glassdoor.com/Reviews/Marsh-McLennan-Reviews-E426.htm
General Atomics,3.6,https://www.glassdoor.com/Reviews/General-Atomics-Reviews-E5606.htm
Advisory Board,3.9,https://www.glassdoor.com/Reviews/Advisory-Board-Reviews-E13494.htm
Carnegie Mellon University,4.4,https://www.glassdoor.com/Reviews/Carnegie-Mellon-University-Reviews-E20962.htm
Nestlé Purina U.S.,3.7,https://www.glassdoor.com/Reviews/Nestl%C3%A9-Purina-U-S-Reviews-E14081.htm
Qualtrics,3.8,https://www.glassdoor.com/Reviews/Qualtrics-Reviews-E323717.htm
Arcadis,4.1,https://www.glassdoor.com/Reviews/Arcadis-Reviews-E32491.htm
Marlabs,3.7,https://www.glassdoor.com/Reviews/Marlabs-Reviews-E15518.htm
United Wholesale Mortgage (UWM),2.7,https://www.glassdoor.com/Reviews/United-Wholesale-Mortgage-UWM-Reviews-E699293.htm
Seagate Technology,3.6,https://www.glassdoor.com/Reviews/Seagate-Technology-Reviews-E1864.htm
IGATE,3.9,https://www.glassdoor.com/Reviews/IGATE-Reviews-E3280.htm
EXL Service,3.8,https://www.glassdoor.com/Reviews/EXL-Service-Reviews-E37901.htm
iHeartMedia,3.2,https://www.glassdoor.com/Reviews/iHeartMedia-Reviews-E354635.htm
Reckitt,3.8,https://www.glassdoor.com/Reviews/Reckitt-Reviews-E3600.htm
Sheetz,3.8,https://www.glassdoor.com/Reviews/Sheetz-Reviews-E4015.htm
Windstream,3.3,https://www.glassdoor.com/Reviews/Windstream-Reviews-E41693.htm
BT,3.4,https://www.glassdoor.com/Reviews/BT-Reviews-E3463.htm
Cross Country Nurses,3.9,https://www.glassdoor.com/Reviews/Cross-Country-Nurses-Reviews-E311559.htm
Social Security Administration,3.1,https://www.glassdoor.com/Reviews/Social-Security-Administration-Reviews-E41689.htm
Nuance,4.0,https://www.glassdoor.com/Reviews/Nuance-Reviews-E5667.htm
West Technology Group,3.7,https://www.glassdoor.com/Reviews/West-Technology-Group-Reviews-E6504.htm
Catalent Pharma,3.2,https://www.glassdoor.com/Reviews/Catalent-Pharma-Reviews-E43266.htm
BB&T,3.4,https://www.glassdoor.com/Reviews/BB-and-T-Reviews-E1893.htm
Magna International,3.7,https://www.glassdoor.com/Reviews/Magna-International-Reviews-E5767.htm
Pacific Gas and Electric,4.0,https://www.glassdoor.com/Reviews/Pacific-Gas-and-Electric-Reviews-E15208.htm
Better,2.9,https://www.glassdoor.com/Reviews/Better-Reviews-E707577.htm
loanDepot,3.2,https://www.glassdoor.com/Reviews/loanDepot-Reviews-E375743.htm
Gannett,3.0,https://www.glassdoor.com/Reviews/Gannett-Reviews-E272.htm
Kearney,4.2,https://www.glassdoor.com/Reviews/Kearney-Reviews-E13437.htm
Vivint,3.6,https://www.glassdoor.com/Reviews/Vivint-Reviews-E403923.htm
Paylocity,3.9,https://www.glassdoor.com/Reviews/Paylocity-Reviews-E29987.htm
Omni Hotels,3.9,https://www.glassdoor.com/Reviews/Omni-Hotels-Reviews-E19022.htm
TSA (Transportation Security Administration),3.1,https://www.glassdoor.com/Reviews/TSA-Transportation-Security-Administration-Reviews-E41347.htm
Insight,3.8,https://www.glassdoor.com/Reviews/Insight-Reviews-E3823.htm
Publicis Groupe,3.9,https://www.glassdoor.com/Reviews/Publicis-Groupe-Reviews-E5844.htm
Ferguson Enterprises,3.6,https://www.glassdoor.com/Reviews/Ferguson-Enterprises-Reviews-E8543.htm
University of Virginia,4.3,https://www.glassdoor.com/Reviews/University-of-Virginia-Reviews-E8336.htm
Morningstar,4.1,https://www.glassdoor.com/Reviews/Morningstar-Reviews-E3299.htm
Journeys,3.2,https://www.glassdoor.com/Reviews/Journeys-Reviews-E255062.htm
Regeneron,3.9,https://www.glassdoor.com/Reviews/Regeneron-Reviews-E981.htm
Tesco,3.7,https://www.glassdoor.com/Reviews/Tesco-Reviews-E10250.htm
Macquarie Group,4.4,https://www.glassdoor.com/Reviews/Macquarie-Group-Reviews-E12088.htm
Houston Methodist,4.3,https://www.glassdoor.com/Reviews/Houston-Methodist-Reviews-E4460.htm
Claire's Stores,2.9,https://www.glassdoor.com/Reviews/Claire-s-Stores-Reviews-E155.htm
Cox Automotive,4.0,https://www.glassdoor.com/Reviews/Cox-Automotive-Reviews-E981845.htm
TE Connectivity,3.8,https://www.glassdoor.com/Reviews/TE-Connectivity-Reviews-E18055.htm
Equifax,3.5,https://www.glassdoor.com/Reviews/Equifax-Reviews-E232.htm
Medline Industries,3.6,https://www.glassdoor.com/Reviews/Medline-Industries-Reviews-E4486.htm
Agilent Technologies,4.2,https://www.glassdoor.com/Reviews/Agilent-Technologies-Reviews-E9711.htm
Pratt & Whitney,3.8,https://www.glassdoor.com/Reviews/Pratt-and-Whitney-Reviews-E11041.htm
WestRock,3.5,https://www.glassdoor.com/Reviews/WestRock-Reviews-E1033056.htm
Equinox,3.5,https://www.glassdoor.com/Reviews/Equinox-Reviews-E134448.htm
P.F. Chang's,3.8,https://www.glassdoor.com/Reviews/P-F-Chang-s-Reviews-E8554.htm
Dallas Independent School District,3.3,https://www.glassdoor.com/Reviews/Dallas-Independent-School-District-Reviews-E132179.htm
Confidential,4.0,https://www.glassdoor.com/Reviews/Confidential-Reviews-E3147060.htm
Discount Tire,3.9,https://www.glassdoor.com/Reviews/Discount-Tire-Reviews-E6632.htm
KBR,4.0,https://www.glassdoor.com/Reviews/KBR-Reviews-E18604.htm
LexisNexis Legal & Professional,4.0,https://www.glassdoor.com/Reviews/LexisNexis-Legal-and-Professional-Reviews-E4146.htm
Change Healthcare,3.4,https://www.glassdoor.com/Reviews/Change-Healthcare-Reviews-E901352.htm
Primark,3.5,https://www.glassdoor.com/Reviews/Primark-Reviews-E36867.htm
Appen,3.7,https://www.glassdoor.com/Reviews/Appen-Reviews-E667913.htm
Cadence Design Systems,4.3,https://www.glassdoor.com/Reviews/Cadence-Design-Systems-Reviews-E1217.htm
Vans,4.0,https://www.glassdoor.com/Reviews/Vans-Reviews-E881.htm
Turner Construction,4.2,https://www.glassdoor.com/Reviews/Turner-Construction-Reviews-E19014.htm
Indiana University Health,3.5,https://www.glassdoor.com/Reviews/Indiana-University-Health-Reviews-E390286.htm
Capital Group,4.1,https://www.glassdoor.com/Reviews/Capital-Group-Reviews-E9441.htm
University of South Florida,4.1,https://www.glassdoor.com/Reviews/University-of-South-Florida-Reviews-E33888.htm
Palo Alto Networks,4.2,https://www.glassdoor.com/Reviews/Palo-Alto-Networks-Reviews-E115142.htm
ASML,4.1,https://www.glassdoor.com/Reviews/ASML-Reviews-E5781.htm
Los Angeles USD,3.6,https://www.glassdoor.com/Reviews/Los-Angeles-USD-Reviews-E111599.htm
Molina Healthcare,3.4,https://www.glassdoor.com/Reviews/Molina-Healthcare-Reviews-E15828.htm
DHL Express,3.9,https://www.glassdoor.com/Reviews/DHL-Express-Reviews-E38615.htm
Red Ventures,3.4,https://www.glassdoor.com/Reviews/Red-Ventures-Reviews-E142090.htm
Yardi Systems,4.1,https://www.glassdoor.com/Reviews/Yardi-Systems-Reviews-E31057.htm
Varsity Tutors,3.3,https://www.glassdoor.com/Reviews/Varsity-Tutors-Reviews-E431872.htm
The World Bank,4.1,https://www.glassdoor.com/Reviews/The-World-Bank-Reviews-E41195.htm
Jersey Mike's,3.7,https://www.glassdoor.com/Reviews/Jersey-Mike-s-Reviews-E17062.htm
CHRISTUS Health,3.5,https://www.glassdoor.com/Reviews/CHRISTUS-Health-Reviews-E11710.htm
Geek Squad,3.7,https://www.glassdoor.com/Reviews/Geek-Squad-Reviews-E307701.htm
Merkle,3.7,https://www.glassdoor.com/Reviews/Merkle-Reviews-E22280.htm
OpenText,3.6,https://www.glassdoor.com/Reviews/OpenText-Reviews-E5694.htm
MGM Resorts International,3.7,https://www.glassdoor.com/Reviews/MGM-Resorts-International-Reviews-E1260.htm
MassMutual,4.0,https://www.glassdoor.com/Reviews/MassMutual-Reviews-E2890.htm
KPIT Technologies,3.9,https://www.glassdoor.com/Reviews/KPIT-Technologies-Reviews-E28977.htm
Morrison Healthcare,3.5,https://www.glassdoor.com/Reviews/Morrison-Healthcare-Reviews-E5949.htm
Saks Fifth Avenue Stores (SFA),3.2,https://www.glassdoor.com/Reviews/Saks-Fifth-Avenue-Stores-SFA-Reviews-E2963.htm
UCHealth,3.7,https://www.glassdoor.com/Reviews/UCHealth-Reviews-E668641.htm
ABM Industries,3.2,https://www.glassdoor.com/Reviews/ABM-Industries-Reviews-E32.htm
Four Seasons,4.1,https://www.glassdoor.com/Reviews/Four-Seasons-Reviews-E4202.htm
KPMG US,3.9,https://www.glassdoor.com/Reviews/KPMG-US-Reviews-E4930476.htm
Jabil,3.8,https://www.glassdoor.com/Reviews/Jabil-Reviews-E2330.htm
Raymond James Financial,4.1,https://www.glassdoor.com/Reviews/Raymond-James-Financial-Reviews-E559.htm
Arrow Electronics,3.7,https://www.glassdoor.com/Reviews/Arrow-Electronics-Reviews-E56.htm
Teradata,3.9,https://www.glassdoor.com/Reviews/Teradata-Reviews-E14638.htm
G4S Secure Solutions,3.5,https://www.glassdoor.com/Reviews/G4S-Secure-Solutions-Reviews-E713.htm
Acosta,3.3,https://www.glassdoor.com/Reviews/Acosta-Reviews-E17488.htm
TransPerfect,3.1,https://www.glassdoor.com/Reviews/TransPerfect-Reviews-E32824.htm
Biogen,3.9,https://www.glassdoor.com/Reviews/Biogen-Reviews-E1336.htm
AXA,4.0,https://www.glassdoor.com/Reviews/AXA-Reviews-E10343.htm
OneMain Financial,3.4,https://www.glassdoor.com/Reviews/OneMain-Financial-Reviews-E13598.htm
University of Iowa,4.2,https://www.glassdoor.com/Reviews/University-of-Iowa-Reviews-E3019.htm
Sogeti,3.5,https://www.glassdoor.com/Reviews/Sogeti-Reviews-E12028.htm
Glassdoor,4.3,https://www.glassdoor.com/Reviews/Glassdoor-Reviews-E100431.htm
HARMAN,3.9,https://www.glassdoor.com/Reviews/HARMAN-Reviews-E315.htm
VCA,3.2,https://www.glassdoor.com/Reviews/VCA-Reviews-E2106.htm
Boys & Girls Clubs of America,3.8,https://www.glassdoor.com/Reviews/Boys-and-Girls-Clubs-of-America-Reviews-E21079.htm
Other,4.1,https://www.glassdoor.com/Reviews/Other-Reviews-E538078.htm
Garmin,4.0,https://www.glassdoor.com/Reviews/Garmin-Reviews-E12667.htm
Broadridge,4.0,https://www.glassdoor.com/Reviews/Broadridge-Reviews-E42559.htm
Vodafone,4.0,https://www.glassdoor.com/Reviews/Vodafone-Reviews-E5775.htm
Trane Technologies,3.9,https://www.glassdoor.com/Reviews/Trane-Technologies-Reviews-E349.htm
University of Kentucky,4.0,https://www.glassdoor.com/Reviews/University-of-Kentucky-Reviews-E3020.htm
CompuCom,3.4,https://www.glassdoor.com/Reviews/CompuCom-Reviews-E1289.htm
Block,4.2,https://www.glassdoor.com/Reviews/Block-Reviews-E422050.htm
Korn Ferry,3.6,https://www.glassdoor.com/Reviews/Korn-Ferry-Reviews-E5644.htm
Penske Truck Leasing,3.6,https://www.glassdoor.com/Reviews/Penske-Truck-Leasing-Reviews-E8984.htm
University of Missouri,3.8,https://www.glassdoor.com/Reviews/University-of-Missouri-Reviews-E2904.htm
University of Central Florida,4.1,https://www.glassdoor.com/Reviews/University-of-Central-Florida-Reviews-E24239.htm
Hampton Inn by Hilton,3.5,https://www.glassdoor.com/Reviews/Hampton-Inn-by-Hilton-Reviews-E244239.htm
George Washington University,4.0,https://www.glassdoor.com/Reviews/George-Washington-University-Reviews-E3733.htm
Experis,3.6,https://www.glassdoor.com/Reviews/Experis-Reviews-E608019.htm
Perficient,4.1,https://www.glassdoor.com/Reviews/Perficient-Reviews-E9329.htm
Sabre,3.8,https://www.glassdoor.com/Reviews/Sabre-Reviews-E6269.htm
Safran,3.9,https://www.glassdoor.com/Reviews/Safran-Reviews-E10345.htm
SkyWest Airlines,3.7,https://www.glassdoor.com/Reviews/SkyWest-Airlines-Reviews-E1883.htm
Wellstar Health System,3.6,https://www.glassdoor.com/Reviews/Wellstar-Health-System-Reviews-E19526.htm
Stantec,3.9,https://www.glassdoor.com/Reviews/Stantec-Reviews-E21416.htm
Luxottica,3.6,https://www.glassdoor.com/Reviews/Luxottica-Reviews-E4573.htm
Nestlé USA,3.8,https://www.glassdoor.com/Reviews/Nestl%C3%A9-USA-Reviews-E4283.htm
Ingram Micro,3.9,https://www.glassdoor.com/Reviews/Ingram-Micro-Reviews-E5794.htm
FTI Consulting,4.1,https://www.glassdoor.com/Reviews/FTI-Consulting-Reviews-E6069.htm
Jewel-Osco,3.4,https://www.glassdoor.com/Reviews/Jewel-Osco-Reviews-E17022.htm
Iowa State University,4.3,https://www.glassdoor.com/Reviews/Iowa-State-University-Reviews-E23963.htm
International Paper,3.6,https://www.glassdoor.com/Reviews/International-Paper-Reviews-E356.htm
BNSF Railway,2.6,https://www.glassdoor.com/Reviews/BNSF-Railway-Reviews-E18514.htm
G4S,3.6,https://www.glassdoor.com/Reviews/G4S-Reviews-E35039.htm
Popeyes,3.2,https://www.glassdoor.com/Reviews/Popeyes-Reviews-E14706.htm
Avaya,3.5,https://www.glassdoor.com/Reviews/Avaya-Reviews-E12121.htm
TruGreen,3.0,https://www.glassdoor.com/Reviews/TruGreen-Reviews-E27644.htm
Ally Financial,3.7,https://www.glassdoor.com/Reviews/Ally-Financial-Reviews-E7222.htm
NASA,4.5,https://www.glassdoor.com/Reviews/NASA-Reviews-E7304.htm
Bechtel,4.1,https://www.glassdoor.com/Reviews/Bechtel-Reviews-E2731.htm
Duke Energy,3.9,https://www.glassdoor.com/Reviews/Duke-Energy-Reviews-E211.htm
E. & J. Gallo Winery,4.2,https://www.glassdoor.com/Reviews/E-and-J-Gallo-Winery-Reviews-E2778.htm
TransUnion,3.9,https://www.glassdoor.com/Reviews/TransUnion-Reviews-E11441.htm
Honda,4.0,https://www.glassdoor.com/Reviews/Honda-Reviews-E3526.htm
Rent-A-Center,3.0,https://www.glassdoor.com/Reviews/Rent-A-Center-Reviews-E3914.htm
Jack in the Box,3.4,https://www.glassdoor.com/Reviews/Jack-in-the-Box-Reviews-E1373.htm
Vanderbilt University,4.1,https://www.glassdoor.com/Reviews/Vanderbilt-University-Reviews-E3034.htm
Teach for America,3.9,https://www.glassdoor.com/Reviews/Teach-for-America-Reviews-E105049.htm
Premium Retail Services,3.4,https://www.glassdoor.com/Reviews/Premium-Retail-Services-Reviews-E30163.htm
Oregon Health & Science University,3.7,https://www.glassdoor.com/Reviews/Oregon-Health-and-Science-University-Reviews-E23783.htm
ALSTOM,3.8,https://www.glassdoor.com/Reviews/ALSTOM-Reviews-E8367.htm
Florida State University,4.3,https://www.glassdoor.com/Reviews/Florida-State-University-Reviews-E18599.htm
Follett,3.1,https://www.glassdoor.com/Reviews/Follett-Reviews-E3049.htm
Harbor Freight Tools,3.7,https://www.glassdoor.com/Reviews/Harbor-Freight-Tools-Reviews-E241635.htm
FDM Group,3.3,https://www.glassdoor.com/Reviews/FDM-Group-Reviews-E234827.htm
Marvell Technology,4.1,https://www.glassdoor.com/Reviews/Marvell-Technology-Reviews-E11761.htm
University of Phoenix,4.1,https://www.glassdoor.com/Reviews/University-of-Phoenix-Reviews-E130372.htm
Cengage Group,4.1,https://www.glassdoor.com/Reviews/Cengage-Group-Reviews-E20055.htm
Bank of the West,3.5,https://www.glassdoor.com/Reviews/Bank-of-the-West-Reviews-E3085.htm
Thoughtworks,4.0,https://www.glassdoor.com/Reviews/Thoughtworks-Reviews-E38334.htm
Scotiabank,4.0,https://www.glassdoor.com/Reviews/Scotiabank-Reviews-E11013.htm
Carter's,3.7,https://www.glassdoor.com/Reviews/Carter-s-Reviews-E6540.htm
The Goddard School,3.4,https://www.glassdoor.com/Reviews/The-Goddard-School-Reviews-E115097.htm
TechnipFMC,4.1,https://www.glassdoor.com/Reviews/TechnipFMC-Reviews-E1558212.htm
Panasonic,3.7,https://www.glassdoor.com/Reviews/Panasonic-Reviews-E4279.htm
OfficeMax,3.3,https://www.glassdoor.com/Reviews/OfficeMax-Reviews-E103.htm
Bosch,4.2,https://www.glassdoor.com/Reviews/Bosch-Reviews-E4293.htm
Cencora,3.6,https://www.glassdoor.com/Reviews/Cencora-Reviews-E2703.htm
Aaron's,3.3,https://www.glassdoor.com/Reviews/Aaron-s-Reviews-E1083.htm
Lincoln Financial Group,3.6,https://www.glassdoor.com/Reviews/Lincoln-Financial-Group-Reviews-E403.htm
Aéropostale,3.5,https://www.glassdoor.com/Reviews/A%C3%A9ropostale-Reviews-E14914.htm
Fisher Investments,4.0,https://www.glassdoor.com/Reviews/Fisher-Investments-Reviews-E38954.htm
Neiman Marcus,3.3,https://www.glassdoor.com/Reviews/Neiman-Marcus-Reviews-E471.htm
T. Rowe Price,3.8,https://www.glassdoor.com/Reviews/T-Rowe-Price-Reviews-E3583.htm
eXp Realty,4.6,https://www.glassdoor.com/Reviews/eXp-Realty-Reviews-E907965.htm
Frontier,3.1,https://www.glassdoor.com/Reviews/Frontier-Reviews-E131305.htm
Analog Devices,4.1,https://www.glassdoor.com/Reviews/Analog-Devices-Reviews-E49.htm
Denny's,3.4,https://www.glassdoor.com/Reviews/Denny-s-Reviews-E2566.htm
Aveanna Healthcare,3.6,https://www.glassdoor.com/Reviews/Aveanna-Healthcare-Reviews-E1820653.htm
Techtronic Industries North America,3.7,https://www.glassdoor.com/Reviews/Techtronic-Industries-North-America-Reviews-E138304.htm
Umbrella Corporation,4.3,https://www.glassdoor.com/Reviews/Umbrella-Corporation-Reviews-E115639.htm
Unum,3.8,https://www.glassdoor.com/Reviews/Unum-Reviews-E9522.htm
Baylor College of Medicine,3.8,https://www.glassdoor.com/Reviews/Baylor-College-of-Medicine-Reviews-E27812.htm
Culver's,3.5,https://www.glassdoor.com/Reviews/Culver-s-Reviews-E15892.htm
XYZ,3.8,https://www.glassdoor.com/Reviews/XYZ-Reviews-E377428.htm
Compass,3.6,https://www.glassdoor.com/Reviews/Compass-Reviews-E719025.htm
Allianz,4.0,https://www.glassdoor.com/Reviews/Allianz-Reviews-E3062.htm
TGI Fridays,3.4,https://www.glassdoor.com/Reviews/TGI-Fridays-Reviews-E109078.htm
Rolls-Royce,3.9,https://www.glassdoor.com/Reviews/Rolls-Royce-Reviews-E3505.htm
Planned Parenthood,3.4,https://www.glassdoor.com/Reviews/Planned-Parenthood-Reviews-E14417.htm
Emory Healthcare,3.6,https://www.glassdoor.com/Reviews/Emory-Healthcare-Reviews-E19564.htm
Atlassian,4.4,https://www.glassdoor.com/Reviews/Atlassian-Reviews-E115699.htm
Corning,3.8,https://www.glassdoor.com/Reviews/Corning-Reviews-E183.htm
GlobalLogic,3.9,https://www.glassdoor.com/Reviews/GlobalLogic-Reviews-E23009.htm
Huron Consulting Group,4.3,https://www.glassdoor.com/Reviews/Huron-Consulting-Group-Reviews-E35223.htm
Wyndham Destinations,3.6,https://www.glassdoor.com/Reviews/Wyndham-Destinations-Reviews-E356401.htm
Lam Research,4.0,https://www.glassdoor.com/Reviews/Lam-Research-Reviews-E1582.htm
Kaplan,3.6,https://www.glassdoor.com/Reviews/Kaplan-Reviews-E11978.htm
BJC HealthCare,3.7,https://www.glassdoor.com/Reviews/BJC-HealthCare-Reviews-E4650.htm
Allscripts,3.9,https://www.glassdoor.com/Reviews/Allscripts-Reviews-E4625.htm
SS&C,3.1,https://www.glassdoor.com/Reviews/SS-and-C-Reviews-E6022.htm
francesca's,3.4,https://www.glassdoor.com/Reviews/francesca-s-Reviews-E233550.htm
Uline,3.6,https://www.glassdoor.com/Reviews/Uline-Reviews-E26828.htm
American Family Insurance,3.2,https://www.glassdoor.com/Reviews/American-Family-Insurance-Reviews-E2706.htm
Crate and Barrel,3.4,https://www.glassdoor.com/Reviews/Crate-and-Barrel-Reviews-E3866.htm
M·A·C Cosmetics,3.6,https://www.glassdoor.com/Reviews/M%C2%B7A%C2%B7C-Cosmetics-Reviews-E229529.htm
Alcon,3.7,https://www.glassdoor.com/Reviews/Alcon-Reviews-E10088.htm
Heartland Dental,3.5,https://www.glassdoor.com/Reviews/Heartland-Dental-Reviews-E196086.htm
Aya Healthcare,4.3,https://www.glassdoor.com/Reviews/Aya-Healthcare-Reviews-E332130.htm
Rockwell Collins,3.8,https://www.glassdoor.com/Reviews/Rockwell-Collins-Reviews-E13435.htm
Vail Resorts,3.3,https://www.glassdoor.com/Reviews/Vail-Resorts-Reviews-E6662.htm
National Grid,3.9,https://www.glassdoor.com/Reviews/National-Grid-Reviews-E474.htm
SolarCity,3.4,https://www.glassdoor.com/Reviews/SolarCity-Reviews-E244963.htm
Royal Caribbean Group,4.0,https://www.glassdoor.com/Reviews/Royal-Caribbean-Group-Reviews-E3579.htm
Duke Health,3.7,https://www.glassdoor.com/Reviews/Duke-Health-Reviews-E18988.htm
Walmart Global Tech,3.9,https://www.glassdoor.com/Reviews/Walmart-Global-Tech-Reviews-E3293060.htm
Five Below,3.3,https://www.glassdoor.com/Reviews/Five-Below-Reviews-E224078.htm
UniFirst,3.7,https://www.glassdoor.com/Reviews/UniFirst-Reviews-E688.htm
Temple University,3.9,https://www.glassdoor.com/Reviews/Temple-University-Reviews-E23406.htm
